tool_id,runtime_name,roles,single_agent,purpose,module,source_file,source_sha256,runtime_exposure
get_administrative_division_osm_tool,get_administrative_division_osm_tool,[],False,[Deprecated] Fetches administrative boundaries from OSM/Nominatim and saves ESRI Shapefile in WGS-84. Prefer `get_administrative_division_geoboundaries_tool` for global boundaries (ADM0-ADM4) with optional GeoJSON-to-SHP conversion.,.GaoDe_tool,tools/GaoDe_tool.py,2b44364483e9abc1fcd9c2b95daa111b50c000c783d890526c000de62f2c6db0,not_exposed_to_four_role_runtime
GeoCode_COT_Validation_tool,GeoCode_COT_Validation_tool,[],False,"Enhanced Geo-CodeCoT validator for geospatial Python. Performs preflight static checks (syntax, sandbox-first path protocol, GEE initialization, dataset/band and CRS risk checks), then executes one minimal code block and returns structured JSON with pass/fail…",.NTL_Code_generation,tools/NTL_Code_generation.py,d25984f6a870f54ff94efa272a03e03f3c77fe59e065c0795e5bd58d2910c811,not_exposed_to_four_role_runtime
GeoCode_Knowledge_Recipes_tool,GeoCode_Knowledge_Recipes_tool,[],False,"Retrieve project-aligned geospatial coding recipes for GEE, rasterio, geopandas, and shapely. Returns runnable template code snippets and official API references for NTL workflows.",.geocode_knowledge_tool,tools/geocode_knowledge_tool.py,7954e4f6162929145854025741bab13ac4bd731a23bb5ce178bc9fee54970f2f,not_exposed_to_four_role_runtime
GEE_dataset_router_tool,GEE_dataset_router_tool,[],False,Compatibility router for older annual/monthly/daily callers. NTL requests keep the stable curated route; non-NTL or unknown explicit dataset ids delegate to GEE_request_plan_tool semantics.,.GEE_specialist_toolkit,tools/GEE_specialist_toolkit.py,3008c0cbb96725301878fc2b10484c478d6d50eda99ad55cabddf0ef9ea00ef2,not_exposed_to_four_role_runtime
wrap_tool_json_safe,wrap_tool_json_safe,[],False,,.tool_json_safety,tools/tool_json_safety.py,17774137b15feb467c468cbf1a6e6cfec3f5218a05c7ce8fc1efe24c0acec391,not_exposed_to_four_role_runtime
conflict_ntl_agent_system_tool,conflict_ntl_agent_system_tool,[],False,"Run the reusable ConflictNTL agent-system staging chain: event tracking/screening, AOI tasking, optional case buffer diagnostics, report generation, and VNP46A2 handoff contracts.",.conflict_ntl,tools/conflict_ntl.py,f5dca3a7c19c168dede5cbb4ffd6638d2fb2e10de9ca0f9d65a4581feb4f68ea,not_exposed_to_four_role_runtime
conflict_ntl_generate_analysis_units_tool,conflict_ntl_generate_analysis_units_tool,[],False,Generate ConflictNTL buffer/admin AOI tasks and same-day analysis units from screened events.,.conflict_ntl,tools/conflict_ntl.py,f5dca3a7c19c168dede5cbb4ffd6638d2fb2e10de9ca0f9d65a4581feb4f68ea,not_exposed_to_four_role_runtime
conflict_ntl_build_case_report_tool,conflict_ntl_build_case_report_tool,[],False,Build a compact JSON and Markdown report from ConflictNTL screening and analysis-unit outputs.,.conflict_ntl,tools/conflict_ntl.py,f5dca3a7c19c168dede5cbb4ffd6638d2fb2e10de9ca0f9d65a4581feb4f68ea,not_exposed_to_four_role_runtime
conflict_ntl_compare_case_buffers_tool,conflict_ntl_compare_case_buffers_tool,[],False,"Compare selected ConflictNTL cases across multiple buffer radii using event density, source quality, target mix, and dilution-risk diagnostics.",.conflict_ntl,tools/conflict_ntl.py,f5dca3a7c19c168dede5cbb4ffd6638d2fb2e10de9ca0f9d65a4581feb4f68ea,not_exposed_to_four_role_runtime
