CityNormalized,City,SourceNameVariants,YearsObserved,MissingYears,FirstYear,LastYear,ObservationCount
三亚,三亚,三亚,2021|2022|2023,2017|2018|2019|2020|2024,2021,2023,3
三明,三明,三明,2021|2022|2023|2024,2017|2018|2019|2020,2021,2024,4
三门峡,三门峡,三门峡,2020|2021|2022|2023|2024,2017|2018|2019,2020,2024,5
上海,上海,上海,2017|2018|2019|2020|2021|2022|2023|2024,,2017,2024,8
上饶,上饶,上饶,2020|2021|2022|2023|2024,2017|2018|2019,2020,2024,5
东莞,东莞,东莞,2017|2018|2019|2020|2021|2022|2023|2024,,2017,2024,8
东营,东营,东营,2018|2019|2020|2021|2022|2023|2024,2017,2018,2024,7
中山,中山,中山,2018|2019|2020|2021|2022|2023|2024,2017,2018,2024,7
临汾,临汾,临汾,2020|2021|2022|2023|2024,2017|2018|2019,2020,2024,5
临沂,临沂,临沂,2018|2019|2020|2021|2022|2023|2024,2017,2018,2024,7
临沧,临沧,临沧,2024,2017|2018|2019|2020|2021|2022|2023,2024,2024,1
丽水,丽水,丽水,2020|2021|2022|2023|2024,2017|2018|2019,2020,2024,5
乌兰察布,乌兰察布,乌兰察布,2021|2022|2023|2024,2017|2018|2019|2020,2021,2024,4
乌鲁木齐,乌鲁木齐,乌鲁木齐,2017|2018|2019|2020|2021|2022|2023|2024,,2017,2024,8
乐山,乐山,乐山,2020|2021|2022|2023|2024,2017|2018|2019,2020,2024,5
九江,九江,九江,2018|2019|2020|2021|2022|2023|2024,2017,2018,2024,7
云浮,云浮,云浮,2024,2017|2018|2019|2020|2021|2022|2023,2024,2024,1
亳州,亳州,亳州,2020|2021|2022|2023|2024,2017|2018|2019,2020,2024,5
伊犁,伊犁,伊犁,2020|2021|2022|2023|2024,2017|2018|2019,2020,2024,5
佛山,佛山,佛山,2017|2018|2019|2020|2021|2022|2023|2024,,2017,2024,8
保定,保定,保定,2018|2019|2020|2021|2022|2023|2024,2017,2018,2024,7
保山,保山,保山,2023|2024,2017|2018|2019|2020|2021|2022,2023,2024,2
信阳,信阳,信阳,2020|2021|2022|2023|2024,2017|2018|2019,2020,2024,5
克拉玛依,克拉玛依,克拉玛依,2020|2021|2022|2023|2024,2017|2018|2019,2020,2024,5
六安,六安,六安,2020|2021|2022|2023|2024,2017|2018|2019,2020,2024,5
六盘水,六盘水,六盘水,2020|2021|2022|2023|2024,2017|2018|2019,2020,2024,5
兰州,兰州,兰州,2017|2018|2019|2020|2021|2022|2023|2024,,2017,2024,8
内江,内江,内江,2020|2021|2022|2023|2024,2017|2018|2019,2020,2024,5
凉山,凉山,凉山,2020|2021|2022|2023|2024,2017|2018|2019,2020,2024,5
包头,包头,包头,2017|2018|2019|2020|2021|2022|2023|2024,,2017,2024,8
北京,北京,北京,2017|2018|2019|2020|2021|2022|2023|2024,,2017,2024,8
北海,北海,北海,2020|2021|2022|2023|2024,2017|2018|2019,2020,2024,5
十堰,十堰,十堰,2020|2021|2022|2023|2024,2017|2018|2019,2020,2024,5
南京,南京,南京,2017|2018|2019|2020|2021|2022|2023|2024,,2017,2024,8
南充,南充,南充,2020|2021|2022|2023|2024,2017|2018|2019,2020,2024,5
南宁,南宁,南宁,2017|2018|2019|2020|2021|2022|2023|2024,,2017,2024,8
南平,南平,南平,2021|2022|2023|2024,2017|2018|2019|2020,2021,2024,4
南昌,南昌,南昌,2017|2018|2019|2020|2021|2022|2023|2024,,2017,2024,8
南通,南通,南通,2018|2019|2020|2021|2022|2023|2024,2017,2018,2024,7
南阳,南阳,南阳,2019|2020|2021|2022|2023|2024,2017|2018,2019,2024,6
厦门,厦门,厦门,2017|2018|2019|2020|2021|2022|2023|2024,,2017,2024,8
台州,台州,台州,2018|2019|2020|2021|2022|2023|2024,2017,2018,2024,7
合肥,合肥,合肥,2017|2018|2019|2020|2021|2022|2023|2024,,2017,2024,8
吉安,吉安,吉安,2020|2021|2022|2023|2024,2017|2018|2019,2020,2024,5
吉林,吉林,吉林,2018|2019|2020|2021|2022|2023|2024,2017,2018,2024,7
吕梁,吕梁,吕梁,2020|2021|2022|2023|2024,2017|2018|2019,2020,2024,5
周口,周口,周口,2019|2020|2021|2022|2023|2024,2017|2018,2019,2024,6
呼伦贝尔,呼伦贝尔,呼伦贝尔,2020|2021|2022|2023|2024,2017|2018|2019,2020,2024,5
呼和浩特,呼和浩特,呼和浩特,2017|2018|2019|2020|2021|2022|2023|2024,,2017,2024,8
咸宁,咸宁,咸宁,2020|2021|2022|2023|2024,2017|2018|2019,2020,2024,5
咸阳,咸阳,咸阳,2019|2020|2021|2022|2023|2024,2017|2018,2019,2024,6
哈尔滨,哈尔滨,哈尔滨,2017|2018|2019|2020|2021|2022|2023|2024,,2017,2024,8
唐山,唐山,唐山,2017|2018|2019|2020|2021|2022|2023|2024,,2017,2024,8
商丘,商丘,商丘,2020|2021|2022|2023|2024,2017|2018|2019,2020,2024,5
喀什,喀什,喀什,2020|2021|2022|2023|2024,2017|2018|2019,2020,2024,5
嘉兴,嘉兴,嘉兴,2018|2019|2020|2021|2022|2023|2024,2017,2018,2024,7
大同,大同,大同,2020|2021|2022|2023|2024,2017|2018|2019,2020,2024,5
大庆,大庆,大庆,2018|2019|2020|2021|2022|2023|2024,2017,2018,2024,7
大理,大理,大理,2020|2021|2022|2023|2024,2017|2018|2019,2020,2024,5
大连,大连,大连,2017|2018|2019|2020|2021|2022|2023|2024,,2017,2024,8
天水,天水,天水,2020|2021|2022|2023,2017|2018|2019|2024,2020,2023,4
天津,天津,天津,2017|2018|2019|2020|2021|2022|2023|2024,,2017,2024,8
太原,太原,太原,2017|2018|2019|2020|2021|2022|2023|2024,,2017,2024,8
威海,威海,威海,2018|2019|2020|2021|2022|2023|2024,2017,2018,2024,7
娄底,娄底,娄底,2020|2021|2022|2023|2024,2017|2018|2019,2020,2024,5
孝感,孝感,孝感,2020|2021|2022|2023|2024,2017|2018|2019,2020,2024,5
宁德,宁德,宁德,2021|2022|2023|2024,2017|2018|2019|2020,2021,2024,4
宁波,宁波,宁波,2017|2018|2019|2020|2021|2022|2023|2024,,2017,2024,8
安庆,安庆,安庆,2020|2021|2022|2023|2024,2017|2018|2019,2020,2024,5
安康,安康,安康,2020|2021|2022|2023|2024,2017|2018|2019,2020,2024,5
安阳,安阳,安阳,2020|2021|2022|2023|2024,2017|2018|2019,2020,2024,5
安顺,安顺,安顺,2024,2017|2018|2019|2020|2021|2022|2023,2024,2024,1
宜宾,宜宾,宜宾,2020|2021|2022|2023|2024,2017|2018|2019,2020,2024,5
宜昌,宜昌,宜昌,2018|2019|2020|2021|2022|2023|2024,2017,2018,2024,7
宜春,宜春,宜春,2020|2021|2022|2023|2024,2017|2018|2019,2020,2024,5
宝鸡,宝鸡,宝鸡,2018|2019|2020|2021|2022|2023|2024,2017,2018,2024,7
宣城,宣城,宣城,2020|2021|2022|2023|2024,2017|2018|2019,2020,2024,5
宿州,宿州,宿州,2020|2021|2022|2023|2024,2017|2018|2019,2020,2024,5
宿迁,宿迁,宿迁,2019|2020|2021|2022|2023|2024,2017|2018,2019,2024,6
岳阳,岳阳,岳阳,2018|2019|2020|2021|2022|2023|2024,2017,2018,2024,7
崇左,崇左,崇左,2024,2017|2018|2019|2020|2021|2022|2023,2024,2024,1
巴彦淖尔,巴彦淖尔,巴彦淖尔,2024,2017|2018|2019|2020|2021|2022|2023,2024,2024,1
巴音郭楞,巴音郭楞,巴音郭楞,2021|2022|2023|2024,2017|2018|2019|2020,2021,2024,4
常州,常州,常州,2018|2019|2020|2021|2022|2023|2024,2017,2018,2024,7
常德,常德,常德,2019|2020|2021|2022|2023|2024,2017|2018,2019,2024,6
平顶山,平顶山,平顶山,2018|2019|2020|2021|2022|2023|2024,2017,2018,2024,7
广元,广元,广元,2020|2021|2022|2023|2024,2017|2018|2019,2020,2024,5
广安,广安,广安,2020|2021|2022|2023|2024,2017|2018|2019,2020,2024,5
广州,广州,广州,2017|2018|2019|2020|2021|2022|2023|2024,,2017,2024,8
庆阳,庆阳,庆阳,2024,2017|2018|2019|2020|2021|2022|2023,2024,2024,1
廊坊,廊坊,廊坊,2019|2020|2021|2022|2023|2024,2017|2018,2019,2024,6
延安,延安,延安,2020|2021|2022|2023|2024,2017|2018|2019,2020,2024,5
开封,开封,开封,2018|2019|2020|2021|2022|2023|2024,2017,2018,2024,7
张家口,张家口,张家口,2020|2021|2022|2023|2024,2017|2018|2019,2020,2024,5
徐州,徐州,徐州,2018|2019|2020|2021|2022|2023|2024,2017,2018,2024,7
德州,德州,德州,2018|2019|2020|2021|2022|2023|2024,2017,2018,2024,7
德阳,德阳,德阳,2020|2021|2022|2023|2024,2017|2018|2019,2020,2024,5
忻州,忻州,忻州,2023|2024,2017|2018|2019|2020|2021|2022,2023,2024,2
怀化,怀化,怀化,2020|2021|2022|2023|2024,2017|2018|2019,2020,2024,5
恩施,恩施,恩施,2023|2024,2017|2018|2019|2020|2021|2022,2023,2024,2
惠州,惠州,惠州,2018|2019|2020|2021|2022|2023|2024,2017,2018,2024,7
成都,成都,成都,2017|2018|2019|2020|2021|2022|2023|2024,,2017,2024,8
扬州,扬州,扬州,2018|2019|2020|2021|2022|2023|2024,2017,2018,2024,7
承德,承德,承德,2020|2021|2022|2023|2024,2017|2018|2019,2020,2024,5
抚州,抚州,抚州,2020|2021|2022|2023|2024,2017|2018|2019,2020,2024,5
抚顺,抚顺,抚顺,2018|2019|2020|2021|2022|2023,2017|2024,2018,2023,6
拉萨,拉萨,拉萨,2018|2019|2020|2021|2022|2023|2024,2017,2018,2024,7
揭阳,揭阳,揭阳,2021|2022|2023|2024,2017|2018|2019|2020,2021,2024,4
攀枝花,攀枝花,攀枝花,2020|2021|2022|2023|2024,2017|2018|2019,2020,2024,5
文山,文山,文山,2024,2017|2018|2019|2020|2021|2022|2023,2024,2024,1
新乡,新乡,新乡,2020|2021|2022|2023|2024,2017|2018|2019,2020,2024,5
新余,新余,新余,2023|2024,2017|2018|2019|2020|2021|2022,2023,2024,2
无锡,无锡,无锡,2017|2018|2019|2020|2021|2022|2023|2024,,2017,2024,8
日照,日照,日照,2021|2022|2023|2024,2017|2018|2019|2020,2021,2024,4
昆明,昆明,昆明,2017|2018|2019|2020|2021|2022|2023|2024,,2017,2024,8
昌吉,昌吉,昌吉,2020|2021|2022|2023|2024,2017|2018|2019,2020,2024,5
昭通,昭通,昭通,2020|2021|2022|2023|2024,2017|2018|2019,2020,2024,5
晋中,晋中,晋中,2020|2021|2022|2023|2024,2017|2018|2019,2020,2024,5
晋城,晋城,晋城,2020|2021|2022|2023|2024,2017|2018|2019,2020,2024,5
普洱,普洱,普洱,2023|2024,2017|2018|2019|2020|2021|2022,2023,2024,2
景德镇,景德镇,景德镇,2023|2024,2017|2018|2019|2020|2021|2022,2023,2024,2
曲靖,曲靖,曲靖,2020|2021|2022|2023|2024,2017|2018|2019,2020,2024,5
朔州,朔州,朔州,2021|2022|2023|2024,2017|2018|2019|2020,2021,2024,4
杭州,杭州,杭州,2017|2018|2019|2020|2021|2022|2023|2024,,2017,2024,8
枣庄,枣庄,枣庄,2021|2022|2023|2024,2017|2018|2019|2020,2021,2024,4
柳州,柳州,柳州,2018|2019|2020|2021|2022|2023|2024,2017,2018,2024,7
株洲,株洲,株洲,2018|2019|2020|2021|2022|2023|2024,2017,2018,2024,7
桂林,桂林,桂林,2018|2019|2020|2021|2022|2023|2024,2017,2018,2024,7
梅州,梅州,梅州,2023|2024,2017|2018|2019|2020|2021|2022,2023,2024,2
梧州,梧州,梧州,2023|2024,2017|2018|2019|2020|2021|2022,2023,2024,2
楚雄,楚雄,楚雄,2021|2022|2023|2024,2017|2018|2019|2020,2021,2024,4
榆林,榆林,榆林,2019|2020|2021|2022|2023|2024,2017|2018,2019,2024,6
武汉,武汉,武汉,2017|2018|2019|2020|2021|2022|2023|2024,,2017,2024,8
毕节,毕节,毕节,2020|2021|2022|2023|2024,2017|2018|2019,2020,2024,5
毫州,毫州,毫州,2023,2017|2018|2019|2020|2021|2022|2024,2023,2023,1
永州,永州,永州,2020|2021|2022|2023|2024,2017|2018|2019,2020,2024,5
汉中,汉中,汉中,2020|2021|2022|2023|2024,2017|2018|2019,2020,2024,5
汕头,汕头,汕头,2018|2019|2020|2021|2022|2023|2024,2017,2018,2024,7
汕尾,汕尾,汕尾,2023|2024,2017|2018|2019|2020|2021|2022,2023,2024,2
江门,江门,江门,2018|2019|2020|2021|2022|2023|2024,2017,2018,2024,7
池州,池州,池州,2020|2021|2022|2023|2024,2017|2018|2019,2020,2024,5
沈阳,沈阳,沈阳,2017|2018|2019|2020|2021|2022|2023|2024,,2017,2024,8
沧州,沧州,沧州,2018|2019|2020|2021|2022|2023|2024,2017,2018,2024,7
河池,河池,河池,2023|2024,2017|2018|2019|2020|2021|2022,2023,2024,2
河源,河源,河源,2024,2017|2018|2019|2020|2021|2022|2023,2024,2024,1
泉州,泉州,泉州,2017|2018|2019|2020|2021|2022|2023|2024,,2017,2024,8
泰安,泰安,泰安,2018|2019|2020|2021|2022|2023|2024,2017,2018,2024,7
泰州,泰州,泰州,2018|2019|2020|2021|2022|2023|2024,2017,2018,2024,7
泸州,泸州,泸州,2020|2021|2022|2023|2024,2017|2018|2019,2020,2024,5
洛阳,洛阳,洛阳,2018|2019|2020|2021|2022|2023|2024,2017,2018,2024,7
济南,济南,济南,2017|2018|2019|2020|2021|2022|2023|2024,,2017,2024,8
济宁,济宁,济宁,2018|2019|2020|2021|2022|2023|2024,2017,2018,2024,7
海东,海东,海东,2020|2021|2022|2023,2017|2018|2019|2024,2020,2023,4
海口,海口,海口,2018|2019|2020|2021|2022|2023|2024,2017,2018,2024,7
海西,海西,海西,2021|2022|2023,2017|2018|2019|2020|2024,2021,2023,3
淄博,淄博,淄博,2018|2019|2020|2021|2022|2023|2024,2017,2018,2024,7
淮北,淮北,淮北,2020|2021|2022|2023|2024,2017|2018|2019,2020,2024,5
淮南,淮南,淮南,2020|2021|2022|2023|2024,2017|2018|2019,2020,2024,5
淮安,淮安,淮安,2019|2020|2021|2022|2023|2024,2017|2018,2019,2024,6
深圳,深圳,深圳,2017|2018|2019|2020|2021|2022|2023|2024,,2017,2024,8
清远,清远,清远,2021|2022|2023|2024,2017|2018|2019|2020,2021,2024,4
温州,温州,温州,2018|2019|2020|2021|2022|2023|2024,2017,2018,2024,7
渭南,渭南,渭南,2020|2021|2022|2023|2024,2017|2018|2019,2020,2024,5
湖州,湖州,湖州,2018|2019|2020|2021|2022|2023|2024,2017,2018,2024,7
湘潭,湘潭,湘潭,2020|2021|2022|2023|2024,2017|2018|2019,2020,2024,5
湛江,湛江,湛江,2018|2019|2020|2021|2022|2023|2024,2017,2018,2024,7
滁州,滁州,滁州,2020|2021|2022|2023|2024,2017|2018|2019,2020,2024,5
滨州,滨州,滨州,2018|2019|2020|2021|2022|2023|2024,2017,2018,2024,7
漯河,漯河,漯河,2020|2021|2022|2023|2024,2017|2018|2019,2020,2024,5
漳州,漳州,漳州,2019|2020|2021|2022|2023|2024,2017|2018,2019,2024,6
潍坊,潍坊,潍坊,2018|2019|2020|2021|2022|2023|2024,2017,2018,2024,7
潮州,潮州,潮州,2021|2022|2023|2024,2017|2018|2019|2020,2021,2024,4
濮阳,濮阳,濮阳,2020|2021|2022|2023|2024,2017|2018|2019,2020,2024,5
烟台,烟台,烟台,2017|2018|2019|2020|2021|2022|2023|2024,,2017,2024,8
焦作,焦作,焦作,2020|2021|2022|2023|2024,2017|2018|2019,2020,2024,5
牡丹江,牡丹江,牡丹江,2018|2019|2020|2021|2022|2023|2024,2017,2018,2024,7
玉林,玉林,玉林,2020|2021|2022|2023|2024,2017|2018|2019,2020,2024,5
玉溪,玉溪,玉溪,2020|2021|2022|2023|2024,2017|2018|2019,2020,2024,5
珠海,珠海,珠海,2018|2019|2020|2021|2022|2023|2024,2017,2018,2024,7
甘南,甘南,甘南,2020|2021|2022|2023,2017|2018|2019|2024,2020,2023,4
百色,百色,百色,2020|2021|2022|2023|2024,2017|2018|2019,2020,2024,5
益阳,益阳,益阳,2020|2021|2022|2023|2024,2017|2018|2019,2020,2024,5
盐城,盐城,盐城,2018|2019|2020|2021|2022|2023|2024,2017,2018,2024,7
盘锦,盘锦,盘锦,2021|2022|2023|2024,2017|2018|2019|2020,2021,2024,4
眉山,眉山,眉山,2020|2021|2022|2023|2024,2017|2018|2019,2020,2024,5
石嘴山,石嘴山,石嘴山,2020|2021|2022|2023,2017|2018|2019|2024,2020,2023,4
石家庄,石家庄,石家庄,2017|2018|2019|2020|2021|2022|2023|2024,,2017,2024,8
福州,福州,福州,2017|2018|2019|2020|2021|2022|2023|2024,,2017,2024,8
秦皇岛,秦皇岛,秦皇岛,2018|2019|2020|2021|2022|2023|2024,2017,2018,2024,7
红河,红河,红河,2020|2021|2022|2023|2024,2017|2018|2019,2020,2024,5
绍兴,绍兴,绍兴,2018|2019|2020|2021|2022|2023|2024,2017,2018,2024,7
绥化,绥化,绥化,2023|2024,2017|2018|2019|2020|2021|2022,2023,2024,2
绵阳,绵阳,绵阳,2018|2019|2020|2021|2022|2023|2024,2017,2018,2024,7
聊城,聊城,聊城,2019|2020|2021|2022|2023|2024,2017|2018,2019,2024,6
肇庆,肇庆,肇庆,2020|2021|2022|2023|2024,2017|2018|2019,2020,2024,5
自贡,自贡,自贡,2020|2021|2022|2023|2024,2017|2018|2019,2020,2024,5
舟山,舟山,舟山,2020|2021|2022|2023|2024,2017|2018|2019,2020,2024,5
芜湖,芜湖,芜湖,2018|2019|2020|2021|2022|2023|2024,2017,2018,2024,7
苏州,苏州,苏州,2017|2018|2019|2020|2021|2022|2023|2024,,2017,2024,8
茂名,茂名,茂名,2018|2019|2020|2021|2022|2023|2024,2017,2018,2024,7
荆州,荆州,荆州,2020|2021|2022|2023|2024,2017|2018|2019,2020,2024,5
荆门,荆门,荆门,2020|2021|2022|2023|2024,2017|2018|2019,2020,2024,5
莆田,莆田,莆田,2021|2022|2023|2024,2017|2018|2019|2020,2021,2024,4
菏泽,菏泽,菏泽,2019|2020|2021|2022|2023|2024,2017|2018,2019,2024,6
萍乡,萍乡,萍乡,2024,2017|2018|2019|2020|2021|2022|2023,2024,2024,1
营口,营口,营口,2021|2022|2023|2024,2017|2018|2019|2020,2021,2024,4
蚌埠,蚌埠,蚌埠,2020|2021|2022|2023|2024,2017|2018|2019,2020,2024,5
衡水,衡水,衡水,2020|2021|2022|2023|2024,2017|2018|2019,2020,2024,5
衡阳,衡阳,衡阳,2018|2019|2020|2021|2022|2023|2024,2017,2018,2024,7
衢州,衢州,衢州,2020|2021|2022|2023|2024,2017|2018|2019,2020,2024,5
襄阳,襄阳,襄阳,2018|2019|2020|2021|2022|2023|2024,2017,2018,2024,7
西宁,西宁,西宁,2018|2019|2020|2021|2022|2023|2024,2017,2018,2024,7
西安,西安,西安,2017|2018|2019|2020|2021|2022|2023|2024,,2017,2024,8
许昌,许昌,许昌,2018|2019|2020|2021|2022|2023|2024,2017,2018,2024,7
贵港,贵港,贵港,2020|2021|2022|2023|2024,2017|2018|2019,2020,2024,5
贵阳,贵阳,贵阳,2017|2018|2019|2020|2021|2022|2023|2024,,2017,2024,8
资阳,资阳,资阳,2020|2021|2022|2023|2024,2017|2018|2019,2020,2024,5
赣州,赣州,赣州,2018|2019|2020|2021|2022|2023|2024,2017,2018,2024,7
赤峰,赤峰,赤峰,2020|2021|2022|2023|2024,2017|2018|2019,2020,2024,5
辽源,辽源,辽源,2024,2017|2018|2019|2020|2021|2022|2023,2024,2024,1
达州,达州,达州,2020|2021|2022|2023|2024,2017|2018|2019,2020,2024,5
运城,运城,运城,2020|2021|2022|2023|2024,2017|2018|2019,2020,2024,5
连云港,连云港,连云港,2019|2020|2021|2022|2023|2024,2017|2018,2019,2024,6
通辽,通辽,通辽,2020|2021|2022|2023|2024,2017|2018|2019,2020,2024,5
遂宁,遂宁,遂宁,2020|2021|2022|2023|2024,2017|2018|2019,2020,2024,5
遵义,遵义,遵义,2019|2020|2021|2022|2023|2024,2017|2018,2019,2024,6
邢台,邢台,邢台,2020|2021|2022|2023|2024,2017|2018|2019,2020,2024,5
邯郸,邯郸,邯郸,2018|2019|2020|2021|2022|2023|2024,2017,2018,2024,7
邵阳,邵阳,邵阳,2020|2021|2022|2023|2024,2017|2018|2019,2020,2024,5
郑州,郑州,郑州,2017|2018|2019|2020|2021|2022|2023|2024,,2017,2024,8
郴州,郴州,郴州,2020|2021|2022|2023|2024,2017|2018|2019,2020,2024,5
鄂尔多斯,鄂尔多斯,鄂尔多斯,2018|2019|2020|2021|2022|2023|2024,2017,2018,2024,7
鄂州,鄂州,鄂州,2021|2022|2023|2024,2017|2018|2019|2020,2021,2024,4
酒泉,酒泉,酒泉,2020|2021|2022|2023|2024,2017|2018|2019,2020,2024,5
重庆,重庆,重庆,2017|2018|2019|2020|2021|2022|2023|2024,,2017,2024,8
金华,金华,金华,2018|2019|2020|2021|2022|2023|2024,2017,2018,2024,7
金昌,金昌,金昌,2020|2021|2022|2023,2017|2018|2019|2024,2020,2023,4
钦州,钦州,钦州,2020|2021|2022|2023|2024,2017|2018|2019,2020,2024,5
铜仁,铜仁,铜仁,2020|2021|2022|2023|2024,2017|2018|2019,2020,2024,5
铜川,铜川,铜川,2023|2024,2017|2018|2019|2020|2021|2022,2023,2024,2
铜陵,铜陵,铜陵,2020|2021|2022|2023|2024,2017|2018|2019,2020,2024,5
银川,银川,银川,2018|2019|2020|2021|2022|2023|2024,2017,2018,2024,7
锡林郭勒,锡林郭勒,锡林郭勒,2023|2024,2017|2018|2019|2020|2021|2022,2023,2024,2
锦州,锦州,锦州,2023|2024,2017|2018|2019|2020|2021|2022,2023,2024,2
镇江,镇江,镇江,2018|2019|2020|2021|2022|2023|2024,2017,2018,2024,7
长春,长春,长春,2017|2018|2019|2020|2021|2022|2023|2024,,2017,2024,8
长沙,长沙,长沙,2017|2018|2019|2020|2021|2022|2023|2024,,2017,2024,8
长治,长治,长治,2020|2021|2022|2023|2024,2017|2018|2019,2020,2024,5
阜阳,阜阳,阜阳,2020|2021|2022|2023|2024,2017|2018|2019,2020,2024,5
阳江,阳江,阳江,2021|2022|2023|2024,2017|2018|2019|2020,2021,2024,4
阳泉,阳泉,阳泉,2024,2017|2018|2019|2020|2021|2022|2023,2024,2024,1
阿克苏,阿克苏,阿克苏,2020|2021|2022|2023|2024,2017|2018|2019,2020,2024,5
随州,随州,随州,2021|2022|2023|2024,2017|2018|2019|2020,2021,2024,4
雅安,雅安,雅安,2020|2021|2022|2023|2024,2017|2018|2019,2020,2024,5
青岛,青岛,青岛,2017|2018|2019|2020|2021|2022|2023|2024,,2017,2024,8
鞍山,鞍山,鞍山,2018|2019|2020|2021|2022|2023|2024,2017,2018,2024,7
韶关,韶关,韶关,2021|2022|2023|2024,2017|2018|2019|2020,2021,2024,4
马鞍山,马鞍山,马鞍山,2020|2021|2022|2023|2024,2017|2018|2019,2020,2024,5
驻马店,驻马店,驻马店,2020|2021|2022|2023|2024,2017|2018|2019,2020,2024,5
鹤壁,鹤壁,鹤壁,2020|2021|2022|2023|2024,2017|2018|2019,2020,2024,5
鹰潭,鹰潭,鹰潭,2024,2017|2018|2019|2020|2021|2022|2023,2024,2024,1
黄冈,黄冈,黄冈,2020|2021|2022|2023|2024,2017|2018|2019,2020,2024,5
黄山,黄山,黄山,2020|2021|2022|2023|2024,2017|2018|2019,2020,2024,5
黄石,黄石,黄石,2020|2021|2022|2023|2024,2017|2018|2019,2020,2024,5
黔东南,黔东南,黔东南,2020|2021|2022|2023|2024,2017|2018|2019,2020,2024,5
黔南,黔南,黔南,2020|2021|2022|2023|2024,2017|2018|2019,2020,2024,5
黔西南州,黔西南州,黔西南州,2020|2021|2022|2023|2024,2017|2018|2019,2020,2024,5
齐齐哈尔,齐齐哈尔,齐齐哈尔,2018|2019|2020|2021|2022|2023|2024,2017,2018,2024,7
龙岩,龙岩,龙岩,2021|2022|2023|2024,2017|2018|2019|2020,2021,2024,4
