year,model_type,selected,sample_size,tntl_min,tntl_max,in_sample_r2,in_sample_mae,in_sample_rmse,cv_r2,cv_mae,cv_rmse,training_input_sha256
2017,linear,false,40,49814.6896987719,473376.166910915,0.3821370148301013,5.980445161472368,7.078910250079475,0.3343610009742287,6.2472850265140325,7.347501719975485,6A69143988DB9B7C28A49B3E280227FFBCF4E043A1693B3494135028E00F8673
2017,logarithmic,true,40,49814.6896987719,473376.166910915,0.4460321147170969,5.466118927481936,6.702898008721281,0.37429867487763113,5.893017660977664,7.123671009507232,6A69143988DB9B7C28A49B3E280227FFBCF4E043A1693B3494135028E00F8673
2017,exponential,false,40,49814.6896987719,473376.166910915,0.3652345258872187,6.068778760741338,7.175083596413115,0.32020812491071404,6.319437693277152,7.425202492254315,6A69143988DB9B7C28A49B3E280227FFBCF4E043A1693B3494135028E00F8673
2017,quadratic,false,40,49814.6896987719,473376.166910915,0.45181790159946666,5.461517713339604,6.667802713631322,0.3168159918241076,6.1501159952196875,7.443705164365061,6A69143988DB9B7C28A49B3E280227FFBCF4E043A1693B3494135028E00F8673
2018,linear,false,100,17861.3918564885,477025.499455906,0.5964045269689181,5.623107483824428,7.89453683185178,0.5797174763406729,5.694446541714399,8.056087559893607,6A69143988DB9B7C28A49B3E280227FFBCF4E043A1693B3494135028E00F8673
2018,logarithmic,false,100,17861.3918564885,477025.499455906,0.6426048806351885,5.76329673849507,7.428956593807891,0.614903390168956,6.027025569835423,7.711491066552536,6A69143988DB9B7C28A49B3E280227FFBCF4E043A1693B3494135028E00F8673
2018,exponential,false,100,17861.3918564885,477025.499455906,0.5357738357964502,6.1617457847423704,8.466780855782858,0.5189688787108448,6.218220774826091,8.618666967921271,6A69143988DB9B7C28A49B3E280227FFBCF4E043A1693B3494135028E00F8673
2018,quadratic,true,100,17861.3918564885,477025.499455906,0.6830057623258228,5.139313019062398,6.996473539328524,0.6290653723599036,5.547809010430985,7.568367305792146,6A69143988DB9B7C28A49B3E280227FFBCF4E043A1693B3494135028E00F8673
2019,linear,false,113,21057.3481773736,479881.377318369,0.6331985818142938,5.207029143805025,7.074957239285708,0.6112574217954231,5.362257036328133,7.283487372249603,6A69143988DB9B7C28A49B3E280227FFBCF4E043A1693B3494135028E00F8673
2019,logarithmic,false,113,21057.3481773736,479881.377318369,0.6401640010025333,5.261502141915078,7.007459894922194,0.6268377612028905,5.346280352644868,7.136038118909714,6A69143988DB9B7C28A49B3E280227FFBCF4E043A1693B3494135028E00F8673
2019,exponential,false,113,21057.3481773736,479881.377318369,0.5812307791147097,5.675996143114684,7.559545637862782,0.5557343614339285,5.831621561925611,7.78627392662598,6A69143988DB9B7C28A49B3E280227FFBCF4E043A1693B3494135028E00F8673
2019,quadratic,true,113,21057.3481773736,479881.377318369,0.6894702628283543,4.719621073862983,6.509684105603846,0.6617057838770296,4.932684217402066,6.7944702688134955,6A69143988DB9B7C28A49B3E280227FFBCF4E043A1693B3494135028E00F8673
2020,linear,false,220,3878.39383311879,490023.819112615,0.6413263883526056,6.566099202313006,7.982629861819882,0.6312408393659239,6.571124331246156,8.09408364875781,6A69143988DB9B7C28A49B3E280227FFBCF4E043A1693B3494135028E00F8673
2020,logarithmic,false,220,3878.39383311879,490023.819112615,0.7018451061713367,5.646101492082769,7.278087130622226,0.6980051653328714,5.661149431930279,7.324804483905598,6A69143988DB9B7C28A49B3E280227FFBCF4E043A1693B3494135028E00F8673
2020,exponential,false,220,3878.39383311879,490023.819112615,0.5493494720101972,7.607114614702148,8.947799037991786,0.5361328461585806,7.644749054420629,9.078060864428629,6A69143988DB9B7C28A49B3E280227FFBCF4E043A1693B3494135028E00F8673
2020,quadratic,true,220,3878.39383311879,490023.819112615,0.7397342564775724,5.413251905035108,6.799935357895413,0.7302434949042182,5.4742243208555,6.922807294450318,6A69143988DB9B7C28A49B3E280227FFBCF4E043A1693B3494135028E00F8673
2021,linear,false,242,5519.34936001441,505224.515250535,0.6575468221956009,6.166069720387447,7.568505360517909,0.6429095668001643,6.270585367254738,7.728560841014176,6A69143988DB9B7C28A49B3E280227FFBCF4E043A1693B3494135028E00F8673
2021,logarithmic,false,242,5519.34936001441,505224.515250535,0.6998557799571148,5.612696262513246,7.085565462561141,0.697843539352033,5.63826618847866,7.10927747215768,6A69143988DB9B7C28A49B3E280227FFBCF4E043A1693B3494135028E00F8673
2021,exponential,false,242,5519.34936001441,505224.515250535,0.5768059117317668,7.104487296611333,8.413550749606914,0.5518410150330655,7.222549848187004,8.658159388049713,6A69143988DB9B7C28A49B3E280227FFBCF4E043A1693B3494135028E00F8673
2021,quadratic,true,242,5519.34936001441,505224.515250535,0.7401814067013146,5.222588932825213,6.592416475802368,0.734429518557373,5.284382278315628,6.664988785398625,6A69143988DB9B7C28A49B3E280227FFBCF4E043A1693B3494135028E00F8673
2022,linear,false,242,5276.44159685911,518060.561191763,0.6438553167611097,6.342126901646143,7.758247971601032,0.6315277142942368,6.399343493680327,7.891377842522508,6A69143988DB9B7C28A49B3E280227FFBCF4E043A1693B3494135028E00F8673
2022,logarithmic,false,242,5276.44159685911,518060.561191763,0.6999904989298193,5.576303920570081,7.1206219426310495,0.6936736326172896,5.644715467944761,7.195195759878605,6A69143988DB9B7C28A49B3E280227FFBCF4E043A1693B3494135028E00F8673
2022,exponential,false,242,5276.44159685911,518060.561191763,0.5663617539588172,7.156928639165975,8.560797287957369,0.5319817848984123,7.272683149108432,8.893686198338308,6A69143988DB9B7C28A49B3E280227FFBCF4E043A1693B3494135028E00F8673
2022,quadratic,true,242,5276.44159685911,518060.561191763,0.7269069188616457,5.408997051999752,6.793690730442194,0.7016473989511378,5.577141537028304,7.100931743592397,6A69143988DB9B7C28A49B3E280227FFBCF4E043A1693B3494135028E00F8673
2023,linear,false,256,6718.10881372994,553330.807009561,0.6498166840403803,6.369932238355091,7.733840273191481,0.6419029536528902,6.42574552935982,7.820739898206161,6A69143988DB9B7C28A49B3E280227FFBCF4E043A1693B3494135028E00F8673
2023,logarithmic,false,256,6718.10881372994,553330.807009561,0.6810266171699311,5.820621633991175,7.3811612836864615,0.6781702354903336,5.848596130337322,7.414136486443219,6A69143988DB9B7C28A49B3E280227FFBCF4E043A1693B3494135028E00F8673
2023,exponential,false,256,6718.10881372994,553330.807009561,0.5761703392962798,7.165672350985029,8.508306888266928,0.5654650779509617,7.2153171322619905,8.615089932732106,6A69143988DB9B7C28A49B3E280227FFBCF4E043A1693B3494135028E00F8673
2023,quadratic,true,256,6718.10881372994,553330.807009561,0.7193483511009936,5.527590967144915,6.923588884550038,0.7071652788349678,5.643320925561576,7.0722687806869855,6A69143988DB9B7C28A49B3E280227FFBCF4E043A1693B3494135028E00F8673
2024,linear,false,260,7819.34120836024,572961.684544044,0.6849522495653217,6.061106641463247,7.329488813259028,0.6748662948620241,6.104980753333608,7.445887864833077,6A69143988DB9B7C28A49B3E280227FFBCF4E043A1693B3494135028E00F8673
2024,logarithmic,false,260,7819.34120836024,572961.684544044,0.7569814092622436,5.0687657579472045,6.437322155182544,0.7551411604492458,5.082469834000464,6.461649373457732,6A69143988DB9B7C28A49B3E280227FFBCF4E043A1693B3494135028E00F8673
2024,exponential,false,260,7819.34120836024,572961.684544044,0.6021253806681581,6.8856258528295555,8.23680174553974,0.5829540665044073,6.945134434205718,8.432909513404214,6A69143988DB9B7C28A49B3E280227FFBCF4E043A1693B3494135028E00F8673
2024,quadratic,true,260,7819.34120836024,572961.684544044,0.7742210343052034,4.983867075463904,6.20479210008232,0.7641408521627,5.060466660548273,6.341790008347815,6A69143988DB9B7C28A49B3E280227FFBCF4E043A1693B3494135028E00F8673
