date_utc,qa_mode,image_available,qualified,mean,median,std,p25,p75,valid_count,total_count,valid_fraction,units,scale_m,source_image_id
2026-01-01,permissive,true,true,51.469204845557904,45.628936767578125,14.841243424497069,41.36084177690531,62.55567169189453,78,424,0.18396226415094338,nW cm^-2 sr^-1,500,NASA/VIIRS/002/VNP46A2/2026_01_01
2026-01-01,strict,true,true,51.469204845557904,45.628936767578125,14.841243424497069,41.36084177690531,62.55567169189453,78,424,0.18396226415094338,nW cm^-2 sr^-1,500,NASA/VIIRS/002/VNP46A2/2026_01_01
2026-01-02,permissive,true,false,,,,,,0,8,,nW cm^-2 sr^-1,500,NASA/VIIRS/002/VNP46A2/2026_01_02
2026-01-02,strict,true,false,,,,,,0,8,,nW cm^-2 sr^-1,500,NASA/VIIRS/002/VNP46A2/2026_01_02
2026-01-03,permissive,true,true,50.819881308624694,51.25945472717285,14.947173369821884,44.689672055451766,55.776258741106304,601,2442,0.24610974610974612,nW cm^-2 sr^-1,500,NASA/VIIRS/002/VNP46A2/2026_01_03
2026-01-03,strict,true,true,51.64388043719854,51.68754267692566,13.75029923374809,45.35644258771624,55.776258741106304,588,2442,0.24078624078624078,nW cm^-2 sr^-1,500,NASA/VIIRS/002/VNP46A2/2026_01_03
2026-01-04,permissive,true,true,72.76277935039055,71.06392113569514,31.335340831182016,61.129392826420634,81.40915055946796,599,3320,0.18042168674698794,nW cm^-2 sr^-1,500,NASA/VIIRS/002/VNP46A2/2026_01_04
2026-01-04,strict,true,true,73.71423360053657,71.06392113569514,30.717088373411606,61.129392826420634,81.40915055946796,588,3320,0.17710843373493976,nW cm^-2 sr^-1,500,NASA/VIIRS/002/VNP46A2/2026_01_04
2026-01-05,permissive,true,true,73.61663687122231,70.91439656880253,27.121553394392794,60.88659360502215,85.14952085215788,672,3320,0.20240963855421687,nW cm^-2 sr^-1,500,NASA/VIIRS/002/VNP46A2/2026_01_05
2026-01-05,strict,true,true,73.77192234054323,70.91439656880253,27.120917774278098,60.917882034902824,85.14952085215788,667,3320,0.20090361445783134,nW cm^-2 sr^-1,500,NASA/VIIRS/002/VNP46A2/2026_01_05
2026-01-06,permissive,true,true,61.86619784614981,60.56110986073812,24.159133059586956,53.41784052585322,69.62519077505053,646,3301,0.19569827325053013,nW cm^-2 sr^-1,500,NASA/VIIRS/002/VNP46A2/2026_01_06
2026-01-06,strict,true,true,62.24348544134587,60.56110986073812,23.90144960453008,53.41784052585322,69.62519077505053,640,3301,0.1938806422296274,nW cm^-2 sr^-1,500,NASA/VIIRS/002/VNP46A2/2026_01_06
2026-01-07,permissive,true,true,57.14139945441182,56.44254698119797,22.324787487290646,45.349769489964224,64.56774851824456,594,3108,0.19111969111969113,nW cm^-2 sr^-1,500,NASA/VIIRS/002/VNP46A2/2026_01_07
2026-01-07,strict,true,true,57.81621905141558,56.44254698119797,21.866812580753116,45.349769489964224,65.54544066556822,586,3108,0.18854568854568854,nW cm^-2 sr^-1,500,NASA/VIIRS/002/VNP46A2/2026_01_07
2026-01-08,permissive,true,true,51.50680577548008,50.38495053383579,18.80911555839601,42.57109296987722,57.57964975426234,651,3273,0.19890009165902842,nW cm^-2 sr^-1,500,NASA/VIIRS/002/VNP46A2/2026_01_08
2026-01-08,strict,true,true,51.95632006724039,50.38495053383579,18.495590918292542,43.31604491514936,57.57964975426234,644,3273,0.1967613809960281,nW cm^-2 sr^-1,500,NASA/VIIRS/002/VNP46A2/2026_01_08
2026-01-09,permissive,true,false,,,,,,0,0,,nW cm^-2 sr^-1,500,NASA/VIIRS/002/VNP46A2/2026_01_09
2026-01-09,strict,true,false,,,,,,0,0,,nW cm^-2 sr^-1,500,NASA/VIIRS/002/VNP46A2/2026_01_09
2026-01-10,permissive,true,true,60.31134574246805,57.56815915600523,22.070721498266334,49.42978004516225,67.4293907800912,665,3245,0.2049306625577812,nW cm^-2 sr^-1,500,NASA/VIIRS/002/VNP46A2/2026_01_10
2026-01-10,strict,true,true,60.339403428470426,57.56815915600523,22.07723203002943,49.42978004516225,68.49868100671458,664,3245,0.20462249614791989,nW cm^-2 sr^-1,500,NASA/VIIRS/002/VNP46A2/2026_01_10
2026-01-11,permissive,true,true,61.420693459389994,60.47942819226115,22.453068851067222,50.35745449280471,69.46089408858734,671,3324,0.20186522262334536,nW cm^-2 sr^-1,500,NASA/VIIRS/002/VNP46A2/2026_01_11
2026-01-11,strict,true,true,61.48489540106112,60.47942819226115,22.387307598286267,50.35745449280471,69.46089408858734,670,3324,0.20156438026474127,nW cm^-2 sr^-1,500,NASA/VIIRS/002/VNP46A2/2026_01_11
2026-01-12,permissive,true,true,47.82184312091489,48.5202117895151,24.93930781203117,37.47024917602539,61.44807128007499,158,476,0.3319327731092437,nW cm^-2 sr^-1,500,NASA/VIIRS/002/VNP46A2/2026_01_12
2026-01-12,strict,true,true,56.65018366579065,54.341609954833984,27.830193021593374,46.557298524039126,66.20473671924404,69,476,0.14495798319327732,nW cm^-2 sr^-1,500,NASA/VIIRS/002/VNP46A2/2026_01_12
2026-01-13,permissive,true,true,72.27926950226,66.25578918457032,30.524554960898115,50.02129364013672,88.19419479370117,97,503,0.19284294234592445,nW cm^-2 sr^-1,500,NASA/VIIRS/002/VNP46A2/2026_01_13
2026-01-13,strict,true,true,118.9844053717935,123.65119171142578,34.05009199393169,108.53565216064453,151.60638427734375,8,503,0.015904572564612324,nW cm^-2 sr^-1,500,NASA/VIIRS/002/VNP46A2/2026_01_13
2026-01-14,permissive,true,true,62.24674736449734,58.40394617716471,26.812102677268925,50.54914817611721,73.20319471861187,286,2086,0.137104506232023,nW cm^-2 sr^-1,500,NASA/VIIRS/002/VNP46A2/2026_01_14
2026-01-14,strict,true,true,62.24674736449734,58.40394617716471,26.812102677268925,50.54914817611721,73.20319471861187,286,2086,0.137104506232023,nW cm^-2 sr^-1,500,NASA/VIIRS/002/VNP46A2/2026_01_14
2026-01-15,permissive,true,true,77.25142359385562,74.47708334549552,27.824971965089993,62.52031898439282,88.60022285493348,638,3324,0.19193742478941034,nW cm^-2 sr^-1,500,NASA/VIIRS/002/VNP46A2/2026_01_15
2026-01-15,strict,true,true,77.25142359385562,74.47708334549552,27.824971965089993,62.52031898439282,88.60022285493348,638,3324,0.19193742478941034,nW cm^-2 sr^-1,500,NASA/VIIRS/002/VNP46A2/2026_01_15
2026-01-16,permissive,true,true,86.68753442364113,83.52444247404733,33.855096115323924,68.51160880871247,103.74878548856958,485,942,0.5148619957537155,nW cm^-2 sr^-1,500,NASA/VIIRS/002/VNP46A2/2026_01_16
2026-01-16,strict,true,true,83.32137079394776,80.50697961464692,31.699486899732225,66.47927393456028,99.53313087555298,420,942,0.445859872611465,nW cm^-2 sr^-1,500,NASA/VIIRS/002/VNP46A2/2026_01_16
2026-01-17,permissive,true,true,39.214055526355075,40.800331115722656,9.139968872070312,40.800331115722656,40.800331115722656,2,75,0.02666666666666667,nW cm^-2 sr^-1,500,NASA/VIIRS/002/VNP46A2/2026_01_17
2026-01-17,strict,true,false,,,,,,0,75,,nW cm^-2 sr^-1,500,NASA/VIIRS/002/VNP46A2/2026_01_17
2026-01-18,permissive,true,true,42.06682949515492,43.60850261622082,22.056759116235686,32.2323010070524,56.88475799560547,107,1250,0.0856,nW cm^-2 sr^-1,500,NASA/VIIRS/002/VNP46A2/2026_01_18
2026-01-18,strict,true,true,38.69028353493828,42.54640579223633,24.789406794230146,21.495996475219727,46.26875305175781,32,1250,0.0256,nW cm^-2 sr^-1,500,NASA/VIIRS/002/VNP46A2/2026_01_18
2026-01-19,permissive,true,false,,,,,,0,0,,nW cm^-2 sr^-1,500,NASA/VIIRS/002/VNP46A2/2026_01_19
2026-01-19,strict,true,false,,,,,,0,0,,nW cm^-2 sr^-1,500,NASA/VIIRS/002/VNP46A2/2026_01_19
2026-01-20,permissive,true,true,73.24072389447086,67.36303043365479,27.274867415528327,57.515998375778736,82.1821048141196,555,1751,0.316961736150771,nW cm^-2 sr^-1,500,NASA/VIIRS/002/VNP46A2/2026_01_20
2026-01-20,strict,true,true,80.93462326067682,73.65170715971401,34.34035798711424,61.56338129461826,91.55614013671875,267,1751,0.15248429468874927,nW cm^-2 sr^-1,500,NASA/VIIRS/002/VNP46A2/2026_01_20
2026-01-21,permissive,true,true,81.03588753169932,74.3670487837358,32.33607937094129,64.46321993341833,91.85694632976889,602,3315,0.18159879336349924,nW cm^-2 sr^-1,500,NASA/VIIRS/002/VNP46A2/2026_01_21
2026-01-21,strict,true,true,81.08344914016094,74.3670487837358,32.34485194694266,64.46321993341833,91.85694632976889,601,3315,0.1812971342383107,nW cm^-2 sr^-1,500,NASA/VIIRS/002/VNP46A2/2026_01_21
2026-01-22,permissive,true,true,71.67747416615465,76.4138412475586,34.91752858166439,44.50916536052237,95.66161189492293,97,543,0.17863720073664824,nW cm^-2 sr^-1,500,NASA/VIIRS/002/VNP46A2/2026_01_22
2026-01-22,strict,true,true,71.67747416615465,76.4138412475586,34.91752858166439,44.50916536052237,95.66161189492293,97,543,0.17863720073664824,nW cm^-2 sr^-1,500,NASA/VIIRS/002/VNP46A2/2026_01_22
2026-01-23,permissive,true,true,54.452111247235365,51.49644294151893,20.67152995600629,43.529332852936875,59.435409092667086,509,3118,0.1632456703014753,nW cm^-2 sr^-1,500,NASA/VIIRS/002/VNP46A2/2026_01_23
2026-01-23,strict,true,true,54.452111247235365,51.49644294151893,20.67152995600629,43.529332852936875,59.435409092667086,509,3118,0.1632456703014753,nW cm^-2 sr^-1,500,NASA/VIIRS/002/VNP46A2/2026_01_23
2026-01-24,permissive,true,true,57.21300378645918,56.498399959792565,16.993993697452094,49.4945637729203,63.830187507708395,485,3238,0.14978381717109326,nW cm^-2 sr^-1,500,NASA/VIIRS/002/VNP46A2/2026_01_24
2026-01-24,strict,true,true,57.21300378645918,56.498399959792565,16.993993697452094,49.4945637729203,63.830187507708395,485,3238,0.14978381717109326,nW cm^-2 sr^-1,500,NASA/VIIRS/002/VNP46A2/2026_01_24
2026-01-25,permissive,true,true,63.868451767617316,62.428217758595096,16.87968902076737,56.55890953667553,68.61117008754185,526,3317,0.1585770274344287,nW cm^-2 sr^-1,500,NASA/VIIRS/002/VNP46A2/2026_01_25
2026-01-25,strict,true,true,63.868451767617316,62.428217758595096,16.87968902076737,56.55890953667553,68.61117008754185,526,3317,0.1585770274344287,nW cm^-2 sr^-1,500,NASA/VIIRS/002/VNP46A2/2026_01_25
2026-01-26,permissive,true,true,91.19382477095145,85.18834231393046,29.602337698398063,75.16611254983982,101.06626218907974,538,3321,0.16199939777175548,nW cm^-2 sr^-1,500,NASA/VIIRS/002/VNP46A2/2026_01_26
2026-01-26,strict,true,true,91.34839452003362,85.18834231393046,29.45841011210517,75.16611254983982,101.06626218907974,537,3321,0.16169828364950317,nW cm^-2 sr^-1,500,NASA/VIIRS/002/VNP46A2/2026_01_26
2026-01-27,permissive,true,true,70.36074823353154,68.52652931213379,25.171849044083366,58.31796388188115,77.3380184173584,617,3324,0.18561973525872444,nW cm^-2 sr^-1,500,NASA/VIIRS/002/VNP46A2/2026_01_27
2026-01-27,strict,true,true,70.56943571631108,68.52652931213379,25.00996312409224,58.31796388188115,77.3380184173584,615,3324,0.18501805054151624,nW cm^-2 sr^-1,500,NASA/VIIRS/002/VNP46A2/2026_01_27
2026-01-28,permissive,true,false,,,,,,0,0,,nW cm^-2 sr^-1,500,NASA/VIIRS/002/VNP46A2/2026_01_28
2026-01-28,strict,true,false,,,,,,0,0,,nW cm^-2 sr^-1,500,NASA/VIIRS/002/VNP46A2/2026_01_28
2026-01-29,permissive,true,true,58.56638397645594,57.58630910831647,25.626628041165567,47.459905290202315,67.59961700439453,561,2480,0.22620967741935483,nW cm^-2 sr^-1,500,NASA/VIIRS/002/VNP46A2/2026_01_29
2026-01-29,strict,true,true,59.033388272669924,57.58630910831647,25.301963394554342,47.454379072093,67.59961700439453,553,2480,0.22298387096774194,nW cm^-2 sr^-1,500,NASA/VIIRS/002/VNP46A2/2026_01_29
2026-01-30,permissive,true,true,66.90030715983342,66.48735902362459,23.654633036681584,57.536706782965304,76.41641204823273,647,3139,0.20611659764256132,nW cm^-2 sr^-1,500,NASA/VIIRS/002/VNP46A2/2026_01_30
2026-01-30,strict,true,true,67.12997061250088,66.48735902362459,23.113999508542943,57.536706782965304,76.41641204823273,639,3139,0.2035680152914941,nW cm^-2 sr^-1,500,NASA/VIIRS/002/VNP46A2/2026_01_30
2026-01-31,permissive,true,true,76.46955007322892,78.72913939170613,29.25766229764281,62.069244384765625,90.35866165161133,143,448,0.31919642857142855,nW cm^-2 sr^-1,500,NASA/VIIRS/002/VNP46A2/2026_01_31
2026-01-31,strict,true,true,76.55120797366453,78.72913939170613,29.35405446265937,62.069244384765625,90.35866165161133,142,448,0.3169642857142857,nW cm^-2 sr^-1,500,NASA/VIIRS/002/VNP46A2/2026_01_31
2026-02-01,permissive,true,true,80.5215081283263,77.14311423526904,34.96738536318967,62.99652189949199,90.83509615723665,641,3324,0.19283995186522263,nW cm^-2 sr^-1,500,NASA/VIIRS/002/VNP46A2/2026_02_01
2026-02-01,strict,true,true,80.73330450299697,77.14311423526904,34.859862340739284,62.99652189949199,90.83509615723665,638,3324,0.19193742478941034,nW cm^-2 sr^-1,500,NASA/VIIRS/002/VNP46A2/2026_02_01
2026-02-02,permissive,true,true,66.26998956142641,60.81740264085485,27.167703661818955,53.55608630879305,71.2497202824453,397,2862,0.1387141858839972,nW cm^-2 sr^-1,500,NASA/VIIRS/002/VNP46A2/2026_02_02
2026-02-02,strict,true,true,66.28506584959338,60.81740264085485,27.182727070818867,53.55608630879305,71.2497202824453,396,2862,0.13836477987421383,nW cm^-2 sr^-1,500,NASA/VIIRS/002/VNP46A2/2026_02_02
2026-02-03,permissive,true,false,,,,,,0,0,,nW cm^-2 sr^-1,500,NASA/VIIRS/002/VNP46A2/2026_02_03
2026-02-03,strict,true,false,,,,,,0,0,,nW cm^-2 sr^-1,500,NASA/VIIRS/002/VNP46A2/2026_02_03
2026-02-04,permissive,true,true,47.53241026706774,49.85343777653998,17.159623706335807,31.542548179626465,58.34016963413784,126,1358,0.09278350515463918,nW cm^-2 sr^-1,500,NASA/VIIRS/002/VNP46A2/2026_02_04
2026-02-04,strict,true,true,47.53241026706774,49.85343777653998,17.159623706335807,31.542548179626465,58.34016963413784,126,1358,0.09278350515463918,nW cm^-2 sr^-1,500,NASA/VIIRS/002/VNP46A2/2026_02_04
2026-02-05,permissive,true,true,80.30403527347123,77.45717114916232,24.226485507290107,68.7599260368023,85.54730137784159,385,3211,0.11990034257240735,nW cm^-2 sr^-1,500,NASA/VIIRS/002/VNP46A2/2026_02_05
2026-02-05,strict,true,true,80.30403527347123,77.45717114916232,24.226485507290107,68.7599260368023,85.54730137784159,385,3211,0.11990034257240735,nW cm^-2 sr^-1,500,NASA/VIIRS/002/VNP46A2/2026_02_05
2026-02-06,permissive,true,false,,,,,,0,0,,nW cm^-2 sr^-1,500,NASA/VIIRS/002/VNP46A2/2026_02_06
2026-02-06,strict,true,false,,,,,,0,0,,nW cm^-2 sr^-1,500,NASA/VIIRS/002/VNP46A2/2026_02_06
2026-02-07,permissive,true,false,,,,,,0,0,,nW cm^-2 sr^-1,500,NASA/VIIRS/002/VNP46A2/2026_02_07
2026-02-07,strict,true,false,,,,,,0,0,,nW cm^-2 sr^-1,500,NASA/VIIRS/002/VNP46A2/2026_02_07
2026-02-08,permissive,true,true,47.26403077680673,64.5948486328125,21.660867392626205,12.474611282348633,64.61819458007812,5,429,0.011655011655011656,nW cm^-2 sr^-1,500,NASA/VIIRS/002/VNP46A2/2026_02_08
2026-02-08,strict,true,true,63.42305076057142,64.61819458007812,14.122864017769444,64.5948486328125,64.61819458007812,4,429,0.009324009324009324,nW cm^-2 sr^-1,500,NASA/VIIRS/002/VNP46A2/2026_02_08
2026-02-09,permissive,true,true,50.879461438494495,45.970387906769375,22.06007556475447,38.20295974337307,58.15594173218153,168,851,0.19741480611045828,nW cm^-2 sr^-1,500,NASA/VIIRS/002/VNP46A2/2026_02_09
2026-02-09,strict,true,true,50.879461438494495,45.970387906769375,22.06007556475447,38.20295974337307,58.15594173218153,168,851,0.19741480611045828,nW cm^-2 sr^-1,500,NASA/VIIRS/002/VNP46A2/2026_02_09
2026-02-10,permissive,true,true,35.311820853062365,20.54912567138672,24.14544028072943,19.515356063842773,47.7532958984375,42,154,0.2727272727272727,nW cm^-2 sr^-1,500,NASA/VIIRS/002/VNP46A2/2026_02_10
2026-02-10,strict,true,true,44.16019122361905,46.3993034362793,15.214629324446486,45.229488372802734,47.41215133666992,11,154,0.07142857142857142,nW cm^-2 sr^-1,500,NASA/VIIRS/002/VNP46A2/2026_02_10
2026-02-11,permissive,true,true,76.4014951789202,75.36324395073785,26.967350400352128,63.51420570940663,87.58799000352916,662,3324,0.19915764139590855,nW cm^-2 sr^-1,500,NASA/VIIRS/002/VNP46A2/2026_02_11
2026-02-11,strict,true,true,76.4014951789202,75.36324395073785,26.967350400352128,63.51420570940663,87.58799000352916,662,3324,0.19915764139590855,nW cm^-2 sr^-1,500,NASA/VIIRS/002/VNP46A2/2026_02_11
2026-02-12,permissive,true,true,74.49299031503575,69.49932034810384,30.00281985851157,57.4620361328125,84.62426550551424,300,1694,0.1770956316410862,nW cm^-2 sr^-1,500,NASA/VIIRS/002/VNP46A2/2026_02_12
2026-02-12,strict,true,true,74.49299031503575,69.49932034810384,30.00281985851157,57.4620361328125,84.62426550551424,300,1694,0.1770956316410862,nW cm^-2 sr^-1,500,NASA/VIIRS/002/VNP46A2/2026_02_12
2026-02-13,permissive,true,true,57.96187632883676,55.59983357998288,22.340348349419788,47.60705029388043,67.58754418630613,652,3210,0.2031152647975078,nW cm^-2 sr^-1,500,NASA/VIIRS/002/VNP46A2/2026_02_13
2026-02-13,strict,true,true,57.96187632883676,55.59983357998288,22.340348349419788,47.60705029388043,67.58754418630613,652,3210,0.2031152647975078,nW cm^-2 sr^-1,500,NASA/VIIRS/002/VNP46A2/2026_02_13
2026-02-14,permissive,true,false,,,,,,0,0,,nW cm^-2 sr^-1,500,NASA/VIIRS/002/VNP46A2/2026_02_14
2026-02-14,strict,true,false,,,,,,0,0,,nW cm^-2 sr^-1,500,NASA/VIIRS/002/VNP46A2/2026_02_14
2026-02-15,permissive,true,true,65.85848972205223,65.15190270731838,26.20283339417114,51.00526771679367,79.10018425440289,2639,3324,0.7939229843561973,nW cm^-2 sr^-1,500,NASA/VIIRS/002/VNP46A2/2026_02_15
2026-02-15,strict,true,true,65.87792569535542,65.15190270731838,26.191795421592172,52.96334548576663,79.10018425440289,2638,3324,0.7936221419975933,nW cm^-2 sr^-1,500,NASA/VIIRS/002/VNP46A2/2026_02_15
2026-02-16,permissive,true,true,84.01959896846083,82.38062125758121,32.76664997029395,67.47372344162545,95.53109458633665,669,3324,0.20126353790613719,nW cm^-2 sr^-1,500,NASA/VIIRS/002/VNP46A2/2026_02_16
2026-02-16,strict,true,true,84.01959896846083,82.38062125758121,32.76664997029395,67.47372344162545,95.53109458633665,669,3324,0.20126353790613719,nW cm^-2 sr^-1,500,NASA/VIIRS/002/VNP46A2/2026_02_16
2026-02-17,permissive,true,false,,,,,,0,0,,nW cm^-2 sr^-1,500,NASA/VIIRS/002/VNP46A2/2026_02_17
2026-02-17,strict,true,false,,,,,,0,0,,nW cm^-2 sr^-1,500,NASA/VIIRS/002/VNP46A2/2026_02_17
2026-02-18,permissive,true,true,62.98331971948993,60.658616248998996,24.65667808536437,51.746719648650426,70.51750916073257,636,3298,0.19284414796846575,nW cm^-2 sr^-1,500,NASA/VIIRS/002/VNP46A2/2026_02_18
2026-02-18,strict,true,true,62.98331971948993,60.658616248998996,24.65667808536437,51.746719648650426,70.51750916073257,636,3298,0.19284414796846575,nW cm^-2 sr^-1,500,NASA/VIIRS/002/VNP46A2/2026_02_18
2026-02-19,permissive,true,true,59.612482833254056,64.03523635864258,13.766230297192532,48.90596557757176,68.33910369873047,84,265,0.3169811320754717,nW cm^-2 sr^-1,500,NASA/VIIRS/002/VNP46A2/2026_02_19
2026-02-19,strict,true,true,55.91190028620066,48.93716049194336,13.116016067307175,47.27891159057617,67.67284393310547,26,265,0.09811320754716982,nW cm^-2 sr^-1,500,NASA/VIIRS/002/VNP46A2/2026_02_19
2026-02-20,permissive,true,true,65.94024261518608,63.05254371785821,28.413961910005764,55.03188493468544,72.87664412948358,626,3248,0.19273399014778325,nW cm^-2 sr^-1,500,NASA/VIIRS/002/VNP46A2/2026_02_20
2026-02-20,strict,true,true,65.94024261518608,63.05254371785821,28.413961910005764,55.03188493468544,72.87664412948358,626,3248,0.19273399014778325,nW cm^-2 sr^-1,500,NASA/VIIRS/002/VNP46A2/2026_02_20
2026-02-21,permissive,true,true,79.50292339397643,77.61542320251465,26.249939116720096,67.34957122249077,89.32838105021868,621,3324,0.18682310469314078,nW cm^-2 sr^-1,500,NASA/VIIRS/002/VNP46A2/2026_02_21
2026-02-21,strict,true,true,79.50292339397643,77.61542320251465,26.249939116720096,67.34957122249077,89.32838105021868,621,3324,0.18682310469314078,nW cm^-2 sr^-1,500,NASA/VIIRS/002/VNP46A2/2026_02_21
2026-02-22,permissive,true,true,79.85356327996547,77.53113428842228,27.423105701811412,65.59542925074538,90.1980465810972,624,3324,0.18772563176895307,nW cm^-2 sr^-1,500,NASA/VIIRS/002/VNP46A2/2026_02_22
2026-02-22,strict,true,true,79.85356327996547,77.53113428842228,27.423105701811412,65.59542925074538,90.1980465810972,624,3324,0.18772563176895307,nW cm^-2 sr^-1,500,NASA/VIIRS/002/VNP46A2/2026_02_22
2026-02-23,permissive,true,true,67.58387158121292,65.65418243408203,27.38742691204047,57.49335397523024,73.37399578094482,219,1773,0.12351945854483926,nW cm^-2 sr^-1,500,NASA/VIIRS/002/VNP46A2/2026_02_23
2026-02-23,strict,true,true,52.364869928298816,58.75968933105469,29.77204965575068,18.639877319335938,67.94161987304688,39,1773,0.021996615905245348,nW cm^-2 sr^-1,500,NASA/VIIRS/002/VNP46A2/2026_02_23
2026-02-24,permissive,true,false,,,,,,0,139,,nW cm^-2 sr^-1,500,NASA/VIIRS/002/VNP46A2/2026_02_24
2026-02-24,strict,true,false,,,,,,0,139,,nW cm^-2 sr^-1,500,NASA/VIIRS/002/VNP46A2/2026_02_24
2026-02-25,permissive,true,true,61.61920117305133,60.466201305389404,28.551435865368152,50.320996413523744,70.74933115641277,636,3091,0.20575865415723066,nW cm^-2 sr^-1,500,NASA/VIIRS/002/VNP46A2/2026_02_25
2026-02-25,strict,true,true,62.42890344779933,60.466201305389404,27.920956266379747,50.320996413523744,70.74933115641277,622,3091,0.20122937560659981,nW cm^-2 sr^-1,500,NASA/VIIRS/002/VNP46A2/2026_02_25
2026-02-26,permissive,true,true,78.86023983838469,78.668965307359,32.59535119842558,64.94636070071827,90.89257705734646,664,3324,0.19975932611311673,nW cm^-2 sr^-1,500,NASA/VIIRS/002/VNP46A2/2026_02_26
2026-02-26,strict,true,true,79.69176938872003,78.668965307359,31.9567449217373,66.9480714469943,90.89257705734646,654,3324,0.1967509025270758,nW cm^-2 sr^-1,500,NASA/VIIRS/002/VNP46A2/2026_02_26
2026-02-27,permissive,true,true,73.4873222148212,73.38010215759277,24.31999027512495,63.48169280713718,82.33094369211504,316,619,0.5105008077544426,nW cm^-2 sr^-1,500,NASA/VIIRS/002/VNP46A2/2026_02_27
2026-02-27,strict,true,true,73.7018533627249,73.38010215759277,24.006591013939794,63.48169280713718,82.33094369211504,312,619,0.5040387722132472,nW cm^-2 sr^-1,500,NASA/VIIRS/002/VNP46A2/2026_02_27
2026-02-28,permissive,true,true,66.21009680651272,66.47063718640999,27.60447766933618,55.45549457421072,76.26848612540303,668,3301,0.2023629203271736,nW cm^-2 sr^-1,500,NASA/VIIRS/002/VNP46A2/2026_02_28
2026-02-28,strict,true,true,66.51329722980394,67.6192178636434,27.336215462323686,55.45549457421072,76.26848612540303,663,3301,0.20084822780975461,nW cm^-2 sr^-1,500,NASA/VIIRS/002/VNP46A2/2026_02_28
2026-03-01,permissive,true,true,53.74998520160216,52.54548977876901,22.903027346112694,44.558569651383614,61.576847314834595,602,3028,0.19881109643328929,nW cm^-2 sr^-1,500,NASA/VIIRS/002/VNP46A2/2026_03_01
2026-03-01,strict,true,true,54.33894968717183,52.54548977876901,22.41910119156574,44.558569651383614,61.576847314834595,593,3028,0.19583883751651254,nW cm^-2 sr^-1,500,NASA/VIIRS/002/VNP46A2/2026_03_01
2026-03-02,permissive,true,true,50.5433491565126,51.461401995490576,21.290491632430015,39.50998712041575,58.49133010591138,576,2904,0.19834710743801653,nW cm^-2 sr^-1,500,NASA/VIIRS/002/VNP46A2/2026_03_02
2026-03-02,strict,true,true,51.560103123865154,51.461401995490576,20.495948812528866,40.15058721965524,58.49133010591138,559,2904,0.1924931129476584,nW cm^-2 sr^-1,500,NASA/VIIRS/002/VNP46A2/2026_03_02
2026-03-03,permissive,true,true,56.91872111001649,56.36291750253812,22.839850340958968,47.53162654033259,65.47045663988033,605,3273,0.18484570730216926,nW cm^-2 sr^-1,500,NASA/VIIRS/002/VNP46A2/2026_03_03
2026-03-03,strict,true,true,57.9388369686092,56.36291750253812,21.619857941672958,48.4288160039523,65.47045663988033,586,3273,0.179040635502597,nW cm^-2 sr^-1,500,NASA/VIIRS/002/VNP46A2/2026_03_03
2026-03-04,permissive,true,true,70.46831913643297,71.63754081726074,27.525264668806347,60.59145565800533,84.22459039512589,658,3324,0.19795427196149218,nW cm^-2 sr^-1,500,NASA/VIIRS/002/VNP46A2/2026_03_04
2026-03-04,strict,true,true,71.02320952835355,71.63754081726074,26.848076774510556,60.59145565800533,84.22459039512589,648,3324,0.19494584837545126,nW cm^-2 sr^-1,500,NASA/VIIRS/002/VNP46A2/2026_03_04
2026-03-05,permissive,true,true,62.461216911863254,61.59633373833824,25.519850768426075,52.64244831062957,73.43185215523326,658,3324,0.19795427196149218,nW cm^-2 sr^-1,500,NASA/VIIRS/002/VNP46A2/2026_03_05
2026-03-05,strict,true,true,62.78423384429892,61.59633373833824,25.16253887011344,53.48254431257219,73.43185215523326,650,3324,0.19554753309265946,nW cm^-2 sr^-1,500,NASA/VIIRS/002/VNP46A2/2026_03_05
2026-03-06,permissive,true,false,,,,,,0,1,,nW cm^-2 sr^-1,500,NASA/VIIRS/002/VNP46A2/2026_03_06
2026-03-06,strict,true,false,,,,,,0,1,,nW cm^-2 sr^-1,500,NASA/VIIRS/002/VNP46A2/2026_03_06
2026-03-07,permissive,true,false,,,,,,0,0,,nW cm^-2 sr^-1,500,NASA/VIIRS/002/VNP46A2/2026_03_07
2026-03-07,strict,true,false,,,,,,0,0,,nW cm^-2 sr^-1,500,NASA/VIIRS/002/VNP46A2/2026_03_07
2026-03-08,permissive,true,false,,,,,,0,28,,nW cm^-2 sr^-1,500,NASA/VIIRS/002/VNP46A2/2026_03_08
2026-03-08,strict,true,false,,,,,,0,28,,nW cm^-2 sr^-1,500,NASA/VIIRS/002/VNP46A2/2026_03_08
2026-03-09,permissive,true,false,,,,,,0,0,,nW cm^-2 sr^-1,500,NASA/VIIRS/002/VNP46A2/2026_03_09
2026-03-09,strict,true,false,,,,,,0,0,,nW cm^-2 sr^-1,500,NASA/VIIRS/002/VNP46A2/2026_03_09
2026-03-10,permissive,false,false,,,,,,,,,nW cm^-2 sr^-1,500,
2026-03-10,strict,false,false,,,,,,,,,nW cm^-2 sr^-1,500,
2026-03-11,permissive,false,false,,,,,,,,,nW cm^-2 sr^-1,500,
2026-03-11,strict,false,false,,,,,,,,,nW cm^-2 sr^-1,500,
2026-03-12,permissive,false,false,,,,,,,,,nW cm^-2 sr^-1,500,
2026-03-12,strict,false,false,,,,,,,,,nW cm^-2 sr^-1,500,
2026-03-13,permissive,true,false,,,,,,0,0,,nW cm^-2 sr^-1,500,NASA/VIIRS/002/VNP46A2/2026_03_13
2026-03-13,strict,true,false,,,,,,0,0,,nW cm^-2 sr^-1,500,NASA/VIIRS/002/VNP46A2/2026_03_13
2026-03-14,permissive,true,false,,,,,,0,100,,nW cm^-2 sr^-1,500,NASA/VIIRS/002/VNP46A2/2026_03_14
2026-03-14,strict,true,false,,,,,,0,100,,nW cm^-2 sr^-1,500,NASA/VIIRS/002/VNP46A2/2026_03_14
2026-03-15,permissive,true,false,,,,,,0,0,,nW cm^-2 sr^-1,500,NASA/VIIRS/002/VNP46A2/2026_03_15
2026-03-15,strict,true,false,,,,,,0,0,,nW cm^-2 sr^-1,500,NASA/VIIRS/002/VNP46A2/2026_03_15
2026-03-16,permissive,true,true,35.619271418398185,38.28915214538574,11.979676034124482,31.579763915187627,41.29511547088623,92,913,0.10076670317634173,nW cm^-2 sr^-1,500,NASA/VIIRS/002/VNP46A2/2026_03_16
2026-03-16,strict,true,true,31.771739025808895,32.07270050048828,15.807899823959382,9.207137107849121,48.096290588378906,28,913,0.03066812705366922,nW cm^-2 sr^-1,500,NASA/VIIRS/002/VNP46A2/2026_03_16
2026-03-17,permissive,true,true,43.975017115891,43.68927764892578,18.8194254031886,37.7344352722168,50.26558272043864,654,2952,0.22154471544715448,nW cm^-2 sr^-1,500,NASA/VIIRS/002/VNP46A2/2026_03_17
2026-03-17,strict,true,true,44.041594652129476,43.68927764892578,18.779542262488338,37.7344352722168,50.26558272043864,652,2952,0.22086720867208673,nW cm^-2 sr^-1,500,NASA/VIIRS/002/VNP46A2/2026_03_17
2026-03-18,permissive,true,true,45.22564293047541,45.65950711745295,18.014542913806427,35.267185540543394,53.578575134277344,493,1346,0.3662704309063893,nW cm^-2 sr^-1,500,NASA/VIIRS/002/VNP46A2/2026_03_18
2026-03-18,strict,true,true,45.25819656060431,45.65950711745295,18.05748688774233,34.81407234885476,54.29260064533207,486,1346,0.3610698365527489,nW cm^-2 sr^-1,500,NASA/VIIRS/002/VNP46A2/2026_03_18
2026-03-19,permissive,true,false,,,,,,0,0,,nW cm^-2 sr^-1,500,NASA/VIIRS/002/VNP46A2/2026_03_19
2026-03-19,strict,true,false,,,,,,0,0,,nW cm^-2 sr^-1,500,NASA/VIIRS/002/VNP46A2/2026_03_19
2026-03-20,permissive,true,true,55.21350958387623,55.416288204072444,22.17377989345314,44.56420232577774,65.55706860071004,655,3324,0.1970517448856799,nW cm^-2 sr^-1,500,NASA/VIIRS/002/VNP46A2/2026_03_20
2026-03-20,strict,true,true,55.21651394599171,55.416288204072444,22.145170441662028,44.56420232577774,65.55706860071004,654,3324,0.1967509025270758,nW cm^-2 sr^-1,500,NASA/VIIRS/002/VNP46A2/2026_03_20
2026-03-21,permissive,true,true,53.83066852376644,53.703102513992214,19.492630208821325,45.85611266198743,62.773153767059924,646,3324,0.19434416365824309,nW cm^-2 sr^-1,500,NASA/VIIRS/002/VNP46A2/2026_03_21
2026-03-21,strict,true,true,53.83066852376644,53.703102513992214,19.492630208821325,45.85611266198743,62.773153767059924,646,3324,0.19434416365824309,nW cm^-2 sr^-1,500,NASA/VIIRS/002/VNP46A2/2026_03_21
2026-03-22,permissive,true,false,,,,,,0,8,,nW cm^-2 sr^-1,500,NASA/VIIRS/002/VNP46A2/2026_03_22
2026-03-22,strict,true,false,,,,,,0,8,,nW cm^-2 sr^-1,500,NASA/VIIRS/002/VNP46A2/2026_03_22
2026-03-23,permissive,true,false,,,,,,0,0,,nW cm^-2 sr^-1,500,NASA/VIIRS/002/VNP46A2/2026_03_23
2026-03-23,strict,true,false,,,,,,0,0,,nW cm^-2 sr^-1,500,NASA/VIIRS/002/VNP46A2/2026_03_23
2026-03-24,permissive,true,false,,,,,,0,0,,nW cm^-2 sr^-1,500,NASA/VIIRS/002/VNP46A2/2026_03_24
2026-03-24,strict,true,false,,,,,,0,0,,nW cm^-2 sr^-1,500,NASA/VIIRS/002/VNP46A2/2026_03_24
2026-03-25,permissive,true,true,71.3458586235048,70.17086029052734,30.69275469551018,52.55290558440775,83.48070441351996,518,2381,0.21755564888702225,nW cm^-2 sr^-1,500,NASA/VIIRS/002/VNP46A2/2026_03_25
2026-03-25,strict,true,true,84.05760460592982,79.42244490633834,35.83897191076825,61.78005746467827,101.07475407918294,199,2381,0.08357832843343133,nW cm^-2 sr^-1,500,NASA/VIIRS/002/VNP46A2/2026_03_25
2026-03-26,permissive,true,false,,,,,,0,0,,nW cm^-2 sr^-1,500,NASA/VIIRS/002/VNP46A2/2026_03_26
2026-03-26,strict,true,false,,,,,,0,0,,nW cm^-2 sr^-1,500,NASA/VIIRS/002/VNP46A2/2026_03_26
2026-03-27,permissive,true,false,,,,,,0,0,,nW cm^-2 sr^-1,500,NASA/VIIRS/002/VNP46A2/2026_03_27
2026-03-27,strict,true,false,,,,,,0,0,,nW cm^-2 sr^-1,500,NASA/VIIRS/002/VNP46A2/2026_03_27
2026-03-28,permissive,true,false,,,,,,0,0,,nW cm^-2 sr^-1,500,NASA/VIIRS/002/VNP46A2/2026_03_28
2026-03-28,strict,true,false,,,,,,0,0,,nW cm^-2 sr^-1,500,NASA/VIIRS/002/VNP46A2/2026_03_28
2026-03-29,permissive,true,false,,,,,,0,0,,nW cm^-2 sr^-1,500,NASA/VIIRS/002/VNP46A2/2026_03_29
2026-03-29,strict,true,false,,,,,,0,0,,nW cm^-2 sr^-1,500,NASA/VIIRS/002/VNP46A2/2026_03_29
2026-03-30,permissive,true,true,44.279211402499705,44.68127955186918,15.678994450059115,36.70692489738751,51.597564697265625,401,750,0.5346666666666666,nW cm^-2 sr^-1,500,NASA/VIIRS/002/VNP46A2/2026_03_30
2026-03-30,strict,true,true,44.48428473614815,44.68127955186918,15.51054250966559,37.362616856892906,51.597564697265625,397,750,0.5293333333333333,nW cm^-2 sr^-1,500,NASA/VIIRS/002/VNP46A2/2026_03_30
2026-03-31,permissive,true,true,53.55104010937379,46.524575353782865,34.977681863609305,31.487834808381105,74.3779067993164,79,440,0.17954545454545454,nW cm^-2 sr^-1,500,NASA/VIIRS/002/VNP46A2/2026_03_31
2026-03-31,strict,true,true,55.76311496676285,54.60733985900879,36.02714783102463,31.452206854726757,75.3388671875,69,440,0.15681818181818183,nW cm^-2 sr^-1,500,NASA/VIIRS/002/VNP46A2/2026_03_31
2026-04-01,permissive,true,true,48.00891748367279,49.20807499475166,19.54517141448669,38.29412227617857,57.21906256675719,713,3309,0.21547295255364157,nW cm^-2 sr^-1,500,NASA/VIIRS/002/VNP46A2/2026_04_01
2026-04-01,strict,true,true,48.58154986748373,49.20807499475166,19.02936560655932,38.68629582722982,57.80501120774903,694,3309,0.20973103656693864,nW cm^-2 sr^-1,500,NASA/VIIRS/002/VNP46A2/2026_04_01
2026-04-02,permissive,true,true,46.56384319386922,44.55938048067346,21.08617392053891,39.517214715469336,52.72721675985501,496,1749,0.2835906232132647,nW cm^-2 sr^-1,500,NASA/VIIRS/002/VNP46A2/2026_04_02
2026-04-02,strict,true,true,46.983844232265966,44.55938048067346,20.602555301209154,39.53080635643533,52.72721675985501,482,1749,0.2755860491709548,nW cm^-2 sr^-1,500,NASA/VIIRS/002/VNP46A2/2026_04_02
2026-04-03,permissive,true,false,,,,,,0,0,,nW cm^-2 sr^-1,500,NASA/VIIRS/002/VNP46A2/2026_04_03
2026-04-03,strict,true,false,,,,,,0,0,,nW cm^-2 sr^-1,500,NASA/VIIRS/002/VNP46A2/2026_04_03
2026-04-04,permissive,true,true,56.507559820126254,57.5574192919549,23.69736041966655,44.3768781358083,69.58820068774855,2574,3318,0.7757685352622061,nW cm^-2 sr^-1,500,NASA/VIIRS/002/VNP46A2/2026_04_04
2026-04-04,strict,true,true,57.121442059510606,57.5574192919549,23.12149937423496,44.3768781358083,69.58820068774855,2525,3318,0.7610006027727547,nW cm^-2 sr^-1,500,NASA/VIIRS/002/VNP46A2/2026_04_04
2026-04-05,permissive,true,true,76.34360470150166,75.00584792251796,34.62789550269455,58.95412101568152,90.95595790572813,2599,3324,0.7818892900120337,nW cm^-2 sr^-1,500,NASA/VIIRS/002/VNP46A2/2026_04_05
2026-04-05,strict,true,true,76.44048898531274,75.00584792251796,34.58017011231212,58.95412101568152,90.95595790572813,2587,3324,0.7782791817087846,nW cm^-2 sr^-1,500,NASA/VIIRS/002/VNP46A2/2026_04_05
2026-04-06,permissive,true,true,58.11919594918388,58.64282032337064,23.170867611071362,46.46302060275377,71.378125,655,3324,0.1970517448856799,nW cm^-2 sr^-1,500,NASA/VIIRS/002/VNP46A2/2026_04_06
2026-04-06,strict,true,true,58.46860982602758,58.64282032337064,22.755967362909548,46.433514870456186,71.378125,644,3324,0.19374247894103488,nW cm^-2 sr^-1,500,NASA/VIIRS/002/VNP46A2/2026_04_06
2026-04-07,permissive,true,true,45.5208075861892,46.492905876185844,19.52024888116916,37.47747420222382,53.45718593251903,635,2600,0.24423076923076922,nW cm^-2 sr^-1,500,NASA/VIIRS/002/VNP46A2/2026_04_07
2026-04-07,strict,true,true,46.22003086231678,46.492905876185844,19.042576047597603,37.47747420222382,53.45718593251903,618,2600,0.2376923076923077,nW cm^-2 sr^-1,500,NASA/VIIRS/002/VNP46A2/2026_04_07
2026-04-08,permissive,true,true,48.30027116246665,47.61356583771613,25.2345544231599,36.57391834259033,56.623725466299625,641,2391,0.2680886658301966,nW cm^-2 sr^-1,500,NASA/VIIRS/002/VNP46A2/2026_04_08
2026-04-08,strict,true,true,49.59475018004673,47.61356583771613,24.46988650194026,37.502621855480626,56.623725466299625,607,2391,0.25386867419489756,nW cm^-2 sr^-1,500,NASA/VIIRS/002/VNP46A2/2026_04_08
2026-04-09,permissive,true,true,51.3920634322407,51.52482362929696,20.556231170171017,41.641174583533626,60.50684453999609,650,3161,0.20563112938943373,nW cm^-2 sr^-1,500,NASA/VIIRS/002/VNP46A2/2026_04_09
2026-04-09,strict,true,true,51.970579335252,52.379302328854635,19.88103352287096,41.641174583533626,60.50684453999609,635,3161,0.20088579563429296,nW cm^-2 sr^-1,500,NASA/VIIRS/002/VNP46A2/2026_04_09
2026-04-10,permissive,true,true,68.2070384491954,65.10125236714751,29.73198758236668,57.24238057340768,81.18013086749698,667,3235,0.2061823802163833,nW cm^-2 sr^-1,500,NASA/VIIRS/002/VNP46A2/2026_04_10
2026-04-10,strict,true,true,68.2070384491954,65.10125236714751,29.73198758236668,57.24238057340768,81.18013086749698,667,3235,0.2061823802163833,nW cm^-2 sr^-1,500,NASA/VIIRS/002/VNP46A2/2026_04_10
2026-04-11,permissive,true,true,66.62801122576688,64.92429349658566,29.977667941581192,51.02378478360042,78.90298839760602,655,3324,0.1970517448856799,nW cm^-2 sr^-1,500,NASA/VIIRS/002/VNP46A2/2026_04_11
2026-04-11,strict,true,true,66.6936219381273,64.92429349658566,29.95754299989457,51.02378478360042,78.90298839760602,654,3324,0.1967509025270758,nW cm^-2 sr^-1,500,NASA/VIIRS/002/VNP46A2/2026_04_11
2026-04-12,permissive,true,true,49.453854066718925,48.6399373764907,21.592754994623004,40.643958000157454,57.01090753357226,661,3316,0.19933655006031364,nW cm^-2 sr^-1,500,NASA/VIIRS/002/VNP46A2/2026_04_12
2026-04-12,strict,true,true,49.453854066718925,48.6399373764907,21.592754994623004,40.643958000157454,57.01090753357226,661,3316,0.19933655006031364,nW cm^-2 sr^-1,500,NASA/VIIRS/002/VNP46A2/2026_04_12
2026-04-13,permissive,true,true,48.12454408252634,46.29911657224155,20.64267565754593,39.33778190612793,54.36076503491583,519,2322,0.2235142118863049,nW cm^-2 sr^-1,500,NASA/VIIRS/002/VNP46A2/2026_04_13
2026-04-13,strict,true,true,51.96851563766209,51.588227942593605,22.227559884373466,42.461073651280735,59.253115411616825,263,2322,0.11326442721791559,nW cm^-2 sr^-1,500,NASA/VIIRS/002/VNP46A2/2026_04_13
2026-04-14,permissive,true,true,48.701239232146335,48.863894121872484,21.167358063672516,41.093158747192696,54.88754323354631,647,2677,0.24168845722824056,nW cm^-2 sr^-1,500,NASA/VIIRS/002/VNP46A2/2026_04_14
2026-04-14,strict,true,true,48.701239232146335,48.863894121872484,21.167358063672516,41.093158747192696,54.88754323354631,647,2677,0.24168845722824056,nW cm^-2 sr^-1,500,NASA/VIIRS/002/VNP46A2/2026_04_14
2026-04-15,permissive,true,true,61.70159614925635,59.30167971788103,25.871611925349605,50.53470750035089,71.74390528609491,646,3324,0.19434416365824309,nW cm^-2 sr^-1,500,NASA/VIIRS/002/VNP46A2/2026_04_15
2026-04-15,strict,true,true,61.70159614925635,59.30167971788103,25.871611925349605,50.53470750035089,71.74390528609491,646,3324,0.19434416365824309,nW cm^-2 sr^-1,500,NASA/VIIRS/002/VNP46A2/2026_04_15
2026-04-16,permissive,true,true,73.93576949540609,73.30143826951847,31.273609664666676,57.54925580052389,88.36607551574707,480,2670,0.1797752808988764,nW cm^-2 sr^-1,500,NASA/VIIRS/002/VNP46A2/2026_04_16
2026-04-16,strict,true,true,73.93576949540609,73.30143826951847,31.273609664666676,57.54925580052389,88.36607551574707,480,2670,0.1797752808988764,nW cm^-2 sr^-1,500,NASA/VIIRS/002/VNP46A2/2026_04_16
2026-04-17,permissive,true,true,57.5663322179781,56.90724790519569,21.61147050921548,48.96457781593151,66.898325327017,665,3289,0.2021891152325935,nW cm^-2 sr^-1,500,NASA/VIIRS/002/VNP46A2/2026_04_17
2026-04-17,strict,true,true,57.5663322179781,56.90724790519569,21.61147050921548,48.96457781593151,66.898325327017,665,3289,0.2021891152325935,nW cm^-2 sr^-1,500,NASA/VIIRS/002/VNP46A2/2026_04_17
2026-04-18,permissive,true,false,,,,,,0,0,,nW cm^-2 sr^-1,500,NASA/VIIRS/002/VNP46A2/2026_04_18
2026-04-18,strict,true,false,,,,,,0,0,,nW cm^-2 sr^-1,500,NASA/VIIRS/002/VNP46A2/2026_04_18
2026-04-19,permissive,true,true,33.731628971715146,32.774231347932236,13.593059570249546,27.823713163212116,38.1979787009103,561,1891,0.2966684294024326,nW cm^-2 sr^-1,500,NASA/VIIRS/002/VNP46A2/2026_04_19
2026-04-19,strict,true,false,,,,,,0,1891,,nW cm^-2 sr^-1,500,NASA/VIIRS/002/VNP46A2/2026_04_19
2026-04-20,permissive,true,false,,,,,,0,0,,nW cm^-2 sr^-1,500,NASA/VIIRS/002/VNP46A2/2026_04_20
2026-04-20,strict,true,false,,,,,,0,0,,nW cm^-2 sr^-1,500,NASA/VIIRS/002/VNP46A2/2026_04_20
2026-04-21,permissive,true,true,95.14759305891748,91.05298000249358,41.50084035820099,75.18999693830179,117.19516998565125,622,3324,0.1871239470517449,nW cm^-2 sr^-1,500,NASA/VIIRS/002/VNP46A2/2026_04_21
2026-04-21,strict,true,true,95.14759305891748,91.05298000249358,41.50084035820099,75.18999693830179,117.19516998565125,622,3324,0.1871239470517449,nW cm^-2 sr^-1,500,NASA/VIIRS/002/VNP46A2/2026_04_21
2026-04-22,permissive,true,true,66.02652827970847,65.59888934199674,25.142592370778264,55.451912350124786,77.5275505065918,640,3324,0.19253910950661854,nW cm^-2 sr^-1,500,NASA/VIIRS/002/VNP46A2/2026_04_22
2026-04-22,strict,true,true,66.02652827970847,65.59888934199674,25.142592370778264,55.451912350124786,77.5275505065918,640,3324,0.19253910950661854,nW cm^-2 sr^-1,500,NASA/VIIRS/002/VNP46A2/2026_04_22
2026-04-23,permissive,true,true,52.590504228088086,53.49304118844696,21.7305458749609,42.55391267325981,60.56262341018551,654,3161,0.20689655172413793,nW cm^-2 sr^-1,500,NASA/VIIRS/002/VNP46A2/2026_04_23
2026-04-23,strict,true,true,52.590504228088086,53.49304118844696,21.7305458749609,42.55391267325981,60.56262341018551,654,3161,0.20689655172413793,nW cm^-2 sr^-1,500,NASA/VIIRS/002/VNP46A2/2026_04_23
2026-04-24,permissive,true,true,46.39553375870031,41.589818477630615,28.79263423123279,29.130410002371175,57.375113280817864,304,1148,0.26480836236933797,nW cm^-2 sr^-1,500,NASA/VIIRS/002/VNP46A2/2026_04_24
2026-04-24,strict,true,true,45.68488395499419,40.51771934801778,31.047614971864206,27.552559852600098,53.45729319254557,238,1148,0.2073170731707317,nW cm^-2 sr^-1,500,NASA/VIIRS/002/VNP46A2/2026_04_24
2026-04-25,permissive,true,false,,,,,,0,0,,nW cm^-2 sr^-1,500,NASA/VIIRS/002/VNP46A2/2026_04_25
2026-04-25,strict,true,false,,,,,,0,0,,nW cm^-2 sr^-1,500,NASA/VIIRS/002/VNP46A2/2026_04_25
2026-04-26,permissive,true,true,77.19917566498081,72.77699737827272,33.21703156636867,58.80948942692127,90.83818252272295,526,603,0.8723051409618574,nW cm^-2 sr^-1,500,NASA/VIIRS/002/VNP46A2/2026_04_26
2026-04-26,strict,true,true,78.38730353866981,75.13680258300427,37.996799379141244,55.16248051702391,94.5373897513644,305,603,0.5058043117744611,nW cm^-2 sr^-1,500,NASA/VIIRS/002/VNP46A2/2026_04_26
2026-04-27,permissive,true,false,,,,,,0,0,,nW cm^-2 sr^-1,500,NASA/VIIRS/002/VNP46A2/2026_04_27
2026-04-27,strict,true,false,,,,,,0,0,,nW cm^-2 sr^-1,500,NASA/VIIRS/002/VNP46A2/2026_04_27
2026-04-28,permissive,false,false,,,,,,,,,nW cm^-2 sr^-1,500,
2026-04-28,strict,false,false,,,,,,,,,nW cm^-2 sr^-1,500,
2026-04-29,permissive,false,false,,,,,,,,,nW cm^-2 sr^-1,500,
2026-04-29,strict,false,false,,,,,,,,,nW cm^-2 sr^-1,500,
2026-04-30,permissive,false,false,,,,,,,,,nW cm^-2 sr^-1,500,
2026-04-30,strict,false,false,,,,,,,,,nW cm^-2 sr^-1,500,
2026-05-01,permissive,true,true,59.56133603620055,56.99074057011905,28.347032834410278,48.96320737001223,67.09600865139998,651,3324,0.19584837545126355,nW cm^-2 sr^-1,500,NASA/VIIRS/002/VNP46A2/2026_05_01
2026-05-01,strict,true,true,59.82798880381609,56.99074057011905,28.14116299743863,48.983034291135986,67.09600865139998,644,3324,0.19374247894103488,nW cm^-2 sr^-1,500,NASA/VIIRS/002/VNP46A2/2026_05_01
2026-05-02,permissive,true,true,80.75783091264438,77.44453178427464,33.30879869302342,65.42021794083095,96.53612932108216,659,3324,0.19825511432009627,nW cm^-2 sr^-1,500,NASA/VIIRS/002/VNP46A2/2026_05_02
2026-05-02,strict,true,true,81.57691784508091,78.59676211948742,32.95856825012462,65.42021794083095,96.53612932108216,644,3324,0.19374247894103488,nW cm^-2 sr^-1,500,NASA/VIIRS/002/VNP46A2/2026_05_02
2026-05-03,permissive,true,true,50.73725212524845,51.499909233901256,20.255994505843734,40.80876541137695,57.46973714325417,384,1725,0.22260869565217392,nW cm^-2 sr^-1,500,NASA/VIIRS/002/VNP46A2/2026_05_03
2026-05-03,strict,true,true,50.82759335997179,51.499909233901256,20.17724057898191,40.80876541137695,57.46973714325417,382,1725,0.22144927536231884,nW cm^-2 sr^-1,500,NASA/VIIRS/002/VNP46A2/2026_05_03
2026-05-04,permissive,true,true,48.9783371431694,48.50276272732801,19.69254944671613,39.6522363461212,56.46797097797043,2628,3297,0.7970882620564149,nW cm^-2 sr^-1,500,NASA/VIIRS/002/VNP46A2/2026_05_04
2026-05-04,strict,true,true,49.02811108472739,48.50276272732801,19.669150168654365,39.6522363461212,56.46797097797043,2607,3297,0.7907188353048226,nW cm^-2 sr^-1,500,NASA/VIIRS/002/VNP46A2/2026_05_04
2026-05-05,permissive,true,true,45.422901472041964,43.460587682639854,21.210937330183032,34.544595071834884,51.63382127106884,1303,1315,0.990874524714829,nW cm^-2 sr^-1,500,NASA/VIIRS/002/VNP46A2/2026_05_05
2026-05-05,strict,true,true,45.4448385918175,43.460587682639854,21.211370304381045,34.544595071834884,51.63382127106884,1299,1315,0.9878326996197718,nW cm^-2 sr^-1,500,NASA/VIIRS/002/VNP46A2/2026_05_05
2026-05-06,permissive,true,true,49.3945090137323,49.46265032048464,20.192326157197503,36.39793135191814,61.66488380095627,932,938,0.9936034115138592,nW cm^-2 sr^-1,500,NASA/VIIRS/002/VNP46A2/2026_05_06
2026-05-06,strict,true,true,49.41417370454617,49.46265032048464,20.19888042050106,36.39793135191814,61.66488380095627,930,938,0.9914712153518124,nW cm^-2 sr^-1,500,NASA/VIIRS/002/VNP46A2/2026_05_06
2026-05-07,permissive,true,true,75.56819274131693,77.10662841796875,32.473911081904774,62.80898067619228,97.65551376342773,131,131,1.0,nW cm^-2 sr^-1,500,NASA/VIIRS/002/VNP46A2/2026_05_07
2026-05-07,strict,true,true,76.54548025329409,77.79794311523438,32.19773467572201,66.15813446044922,97.65551376342773,124,131,0.9465648854961832,nW cm^-2 sr^-1,500,NASA/VIIRS/002/VNP46A2/2026_05_07
2026-05-08,permissive,true,true,69.20885544770094,66.90834526775501,29.711742211516015,53.06987575698328,83.05187076213979,2647,3322,0.7968091511137869,nW cm^-2 sr^-1,500,NASA/VIIRS/002/VNP46A2/2026_05_08
2026-05-08,strict,true,true,69.45021200535687,66.90834526775501,29.695898272631755,53.067649901036035,83.05187076213979,2615,3322,0.7871763997591812,nW cm^-2 sr^-1,500,NASA/VIIRS/002/VNP46A2/2026_05_08
2026-05-09,permissive,true,true,54.34809434140589,53.06651863040227,25.19965930391622,41.16196394352651,65.00779516902479,2642,3324,0.7948255114320096,nW cm^-2 sr^-1,500,NASA/VIIRS/002/VNP46A2/2026_05_09
2026-05-09,strict,true,true,54.53128476225297,55.11568273473398,25.119898325418674,41.15237338799457,65.01297268233827,2615,3324,0.7867027677496992,nW cm^-2 sr^-1,500,NASA/VIIRS/002/VNP46A2/2026_05_09
2026-05-10,permissive,true,true,54.47796558228032,51.07372975522332,28.40309122059702,39.10085352232829,64.89985056655665,2601,3089,0.8420200712204597,nW cm^-2 sr^-1,500,NASA/VIIRS/002/VNP46A2/2026_05_10
2026-05-10,strict,true,true,54.62271964421996,51.07372975522332,28.368524424236433,39.10085352232829,64.89985056655665,2573,3089,0.8329556490773713,nW cm^-2 sr^-1,500,NASA/VIIRS/002/VNP46A2/2026_05_10
2026-05-11,permissive,true,true,53.967860896284655,53.02980395059275,23.977037940989298,41.12834606437043,64.92711316189717,2633,3318,0.7935503315250151,nW cm^-2 sr^-1,500,NASA/VIIRS/002/VNP46A2/2026_05_11
2026-05-11,strict,true,true,53.14451415537596,53.51992797576514,21.033021320116458,41.509512913981084,64.57415993071272,2418,3318,0.72875226039783,nW cm^-2 sr^-1,500,NASA/VIIRS/002/VNP46A2/2026_05_11
2026-05-12,permissive,true,true,92.16430902588702,86.92361335092629,35.853934494535,73.0024194052053,103.02847394502393,1827,1827,1.0,nW cm^-2 sr^-1,500,NASA/VIIRS/002/VNP46A2/2026_05_12
2026-05-12,strict,true,true,93.64999279792626,86.92361335092629,35.3418073223899,74.88093371827509,104.89171287325766,1760,1827,0.963327859879584,nW cm^-2 sr^-1,500,NASA/VIIRS/002/VNP46A2/2026_05_12
2026-05-13,permissive,true,true,80.50902348120259,76.99705630790912,34.084616590386965,60.899874359815605,97.0181242800259,2645,3324,0.7957280385078219,nW cm^-2 sr^-1,500,NASA/VIIRS/002/VNP46A2/2026_05_13
2026-05-13,strict,true,true,80.50902348120259,76.99705630790912,34.084616590386965,60.899874359815605,97.0181242800259,2645,3324,0.7957280385078219,nW cm^-2 sr^-1,500,NASA/VIIRS/002/VNP46A2/2026_05_13
2026-05-14,permissive,true,true,59.01979980093654,59.51215507031528,23.029271961613013,46.471251310006714,70.59579944610596,2236,2421,0.9235852953325072,nW cm^-2 sr^-1,500,NASA/VIIRS/002/VNP46A2/2026_05_14
2026-05-14,strict,true,true,59.109142721824504,59.516657366548586,22.994282805603472,45.676441861259306,72.46150207519531,1820,2421,0.7517554729450641,nW cm^-2 sr^-1,500,NASA/VIIRS/002/VNP46A2/2026_05_14
2026-05-15,permissive,true,true,58.14697698281057,48.74267998799831,34.65343465347076,40.529246360507216,60.42616367340088,217,242,0.8966942148760331,nW cm^-2 sr^-1,500,NASA/VIIRS/002/VNP46A2/2026_05_15
2026-05-15,strict,true,true,64.68780858964666,50.54874356587728,37.22843909408019,43.24502134903985,62.352081298828125,167,242,0.6900826446280992,nW cm^-2 sr^-1,500,NASA/VIIRS/002/VNP46A2/2026_05_15
2026-05-16,permissive,true,true,49.73004293699407,49.03469479424192,20.83391787041113,39.164628220427666,58.981079040299804,2632,3324,0.7918170878459687,nW cm^-2 sr^-1,500,NASA/VIIRS/002/VNP46A2/2026_05_16
2026-05-16,strict,true,true,49.73004293699407,49.03469479424192,20.83391787041113,39.164628220427666,58.981079040299804,2632,3324,0.7918170878459687,nW cm^-2 sr^-1,500,NASA/VIIRS/002/VNP46A2/2026_05_16
2026-05-17,permissive,true,true,60.313691071636725,60.97213074745448,25.18967201548901,47.07238436252797,71.02414405356711,2650,3324,0.7972322503008423,nW cm^-2 sr^-1,500,NASA/VIIRS/002/VNP46A2/2026_05_17
2026-05-17,strict,true,true,60.313691071636725,60.97213074745448,25.18967201548901,47.07238436252797,71.02414405356711,2650,3324,0.7972322503008423,nW cm^-2 sr^-1,500,NASA/VIIRS/002/VNP46A2/2026_05_17
2026-05-18,permissive,true,true,79.4386106293878,76.62598457631672,30.263244713738867,62.43871486413806,92.44819202161815,2637,3324,0.7933212996389891,nW cm^-2 sr^-1,500,NASA/VIIRS/002/VNP46A2/2026_05_18
2026-05-18,strict,true,true,79.4386106293878,76.62598457631672,30.263244713738867,62.43871486413806,92.44819202161815,2637,3324,0.7933212996389891,nW cm^-2 sr^-1,500,NASA/VIIRS/002/VNP46A2/2026_05_18
2026-05-19,permissive,true,false,,,,,,0,0,,nW cm^-2 sr^-1,500,NASA/VIIRS/002/VNP46A2/2026_05_19
2026-05-19,strict,true,false,,,,,,0,0,,nW cm^-2 sr^-1,500,NASA/VIIRS/002/VNP46A2/2026_05_19
2026-05-20,permissive,true,true,54.37634949332231,53.5403397488649,25.15861312346903,40.54638209725069,65.42464073405961,2639,3324,0.7939229843561973,nW cm^-2 sr^-1,500,NASA/VIIRS/002/VNP46A2/2026_05_20
2026-05-20,strict,true,true,54.37634949332231,53.5403397488649,25.15861312346903,40.54638209725069,65.42464073405961,2639,3324,0.7939229843561973,nW cm^-2 sr^-1,500,NASA/VIIRS/002/VNP46A2/2026_05_20
2026-05-21,permissive,true,true,53.30374260006937,52.52610685953671,19.62456093405542,42.46551803730289,63.48912362255115,2612,3297,0.7922353654837732,nW cm^-2 sr^-1,500,NASA/VIIRS/002/VNP46A2/2026_05_21
2026-05-21,strict,true,true,52.87778794020832,52.76284388491982,18.852387120593104,41.74648612037616,63.262763023376465,2468,3297,0.748559296329997,nW cm^-2 sr^-1,500,NASA/VIIRS/002/VNP46A2/2026_05_21
2026-05-22,permissive,true,true,62.32583441806563,61.047306882243156,27.02295944877831,49.14554795851095,75.01490184678818,3320,3324,0.9987966305655837,nW cm^-2 sr^-1,500,NASA/VIIRS/002/VNP46A2/2026_05_22
2026-05-22,strict,true,true,62.32583441806563,61.047306882243156,27.02295944877831,49.14554795851095,75.01490184678818,3320,3324,0.9987966305655837,nW cm^-2 sr^-1,500,NASA/VIIRS/002/VNP46A2/2026_05_22
2026-05-23,permissive,true,true,79.31195363523746,77.08787783673482,34.621980118638504,61.08611011845232,94.87431286353822,3324,3324,1.0,nW cm^-2 sr^-1,500,NASA/VIIRS/002/VNP46A2/2026_05_23
2026-05-23,strict,true,true,79.31195363523746,77.08787783673482,34.621980118638504,61.08611011845232,94.87431286353822,3324,3324,1.0,nW cm^-2 sr^-1,500,NASA/VIIRS/002/VNP46A2/2026_05_23
2026-05-24,permissive,true,true,61.78911287326495,60.89373265967292,24.515094945927814,49.03619121897795,72.90672637770442,3322,3322,1.0,nW cm^-2 sr^-1,500,NASA/VIIRS/002/VNP46A2/2026_05_24
2026-05-24,strict,true,true,61.790993520744,60.89373265967292,24.535461201746823,49.03619121897795,72.90672637770442,3316,3322,0.9981938591210114,nW cm^-2 sr^-1,500,NASA/VIIRS/002/VNP46A2/2026_05_24
2026-05-25,permissive,true,true,54.245977485118004,52.898219606137175,25.05272036774095,40.992330925429265,65.15866053280635,3324,3324,1.0,nW cm^-2 sr^-1,500,NASA/VIIRS/002/VNP46A2/2026_05_25
2026-05-25,strict,true,true,54.269734674050014,52.898219606137175,25.044606985738437,40.992330925429265,65.15866053280635,3322,3324,0.9993983152827918,nW cm^-2 sr^-1,500,NASA/VIIRS/002/VNP46A2/2026_05_25
2026-05-26,permissive,true,true,57.362755162332085,55.068973894296214,29.62402400343486,41.046284035883986,69.10909183649594,2601,3206,0.8112913287585777,nW cm^-2 sr^-1,500,NASA/VIIRS/002/VNP46A2/2026_05_26
2026-05-26,strict,true,true,57.59073034514802,55.068973894296214,29.507729916309962,43.0043635603066,69.10909183649594,2579,3206,0.8044291952588896,nW cm^-2 sr^-1,500,NASA/VIIRS/002/VNP46A2/2026_05_26
2026-05-27,permissive,true,true,56.914600429468926,56.977965200133674,25.637992048901374,44.975957638159464,66.81089377440765,2619,3268,0.8014075887392901,nW cm^-2 sr^-1,500,NASA/VIIRS/002/VNP46A2/2026_05_27
2026-05-27,strict,true,true,57.12332655555654,56.977965200133674,25.49942692062438,44.975957638159464,66.81089377440765,2597,3268,0.7946756425948592,nW cm^-2 sr^-1,500,NASA/VIIRS/002/VNP46A2/2026_05_27
2026-05-28,permissive,true,true,71.19747741918485,70.48577880859375,26.382358240991774,58.44081257250737,83.33420944213867,403,754,0.5344827586206896,nW cm^-2 sr^-1,500,NASA/VIIRS/002/VNP46A2/2026_05_28
2026-05-28,strict,true,true,71.68822904415937,70.48577880859375,26.261677349996436,58.44081257250737,83.33420944213867,395,754,0.5238726790450928,nW cm^-2 sr^-1,500,NASA/VIIRS/002/VNP46A2/2026_05_28
2026-05-29,permissive,true,true,70.06643181832273,67.07121497201258,26.178955328702852,54.86999288975935,80.97402560165195,2639,3250,0.812,nW cm^-2 sr^-1,500,NASA/VIIRS/002/VNP46A2/2026_05_29
2026-05-29,strict,true,true,70.3588432114265,67.07057059435601,26.090544348926205,57.040030212147144,80.97402560165195,2595,3250,0.7984615384615384,nW cm^-2 sr^-1,500,NASA/VIIRS/002/VNP46A2/2026_05_29
2026-05-30,permissive,true,true,56.672204112323364,55.532933275350935,25.156069521278567,43.5011204487383,68.51729458875595,2635,3324,0.792719614921781,nW cm^-2 sr^-1,500,NASA/VIIRS/002/VNP46A2/2026_05_30
2026-05-30,strict,true,true,56.96650288542192,55.532927927763566,24.954831052750283,43.5011204487383,68.51729458875595,2607,3324,0.7842960288808665,nW cm^-2 sr^-1,500,NASA/VIIRS/002/VNP46A2/2026_05_30
2026-05-31,permissive,true,true,52.315008341938245,50.4947531324347,25.247455126676225,39.41425985166599,62.52032401344993,2634,3300,0.7981818181818182,nW cm^-2 sr^-1,500,NASA/VIIRS/002/VNP46A2/2026_05_31
2026-05-31,strict,true,true,52.748250215840194,51.528168742907695,24.963008042921125,40.56280107456257,63.48732770192538,2593,3300,0.7857575757575758,nW cm^-2 sr^-1,500,NASA/VIIRS/002/VNP46A2/2026_05_31
2026-06-01,permissive,false,false,,,,,,,,,nW cm^-2 sr^-1,500,
2026-06-01,strict,false,false,,,,,,,,,nW cm^-2 sr^-1,500,
2026-06-02,permissive,false,false,,,,,,,,,nW cm^-2 sr^-1,500,
2026-06-02,strict,false,false,,,,,,,,,nW cm^-2 sr^-1,500,
2026-06-03,permissive,true,true,72.41437504221176,70.5568220668493,22.075702430975138,61.62633355458578,81.45133790515717,750,750,1.0,nW cm^-2 sr^-1,500,NASA/VIIRS/002/VNP46A2/2026_06_03
2026-06-03,strict,true,true,72.97081672389295,71.50806041874019,21.728471462629265,62.4464380364669,81.45133790515717,735,750,0.98,nW cm^-2 sr^-1,500,NASA/VIIRS/002/VNP46A2/2026_06_03
2026-06-04,permissive,true,true,25.874744415283203,25.874744415283203,0,25.874744415283203,25.874744415283203,1,1,1.0,nW cm^-2 sr^-1,500,NASA/VIIRS/002/VNP46A2/2026_06_04
2026-06-04,strict,true,true,25.874744415283203,25.874744415283203,0,25.874744415283203,25.874744415283203,1,1,1.0,nW cm^-2 sr^-1,500,NASA/VIIRS/002/VNP46A2/2026_06_04
2026-06-05,permissive,true,true,46.59325016869058,46.636580803537896,22.11735995676298,37.42340467564355,51.77838998182118,581,2685,0.2163873370577281,nW cm^-2 sr^-1,500,NASA/VIIRS/002/VNP46A2/2026_06_05
2026-06-05,strict,true,true,46.77222973945023,46.636580803537896,22.09310877102905,38.38623422632201,51.77838998182118,574,2685,0.213780260707635,nW cm^-2 sr^-1,500,NASA/VIIRS/002/VNP46A2/2026_06_05
2026-06-06,permissive,true,true,48.63327720245005,47.500610942001224,21.768498710855166,38.38350501077868,55.301667250139054,677,1756,0.38553530751708426,nW cm^-2 sr^-1,500,NASA/VIIRS/002/VNP46A2/2026_06_06
2026-06-06,strict,true,true,48.92443054056511,47.500610942001224,21.66514039195007,38.38350501077868,55.301667250139054,667,1756,0.3798405466970387,nW cm^-2 sr^-1,500,NASA/VIIRS/002/VNP46A2/2026_06_06
2026-06-07,permissive,true,false,,,,,,0,0,,nW cm^-2 sr^-1,500,NASA/VIIRS/002/VNP46A2/2026_06_07
2026-06-07,strict,true,false,,,,,,0,0,,nW cm^-2 sr^-1,500,NASA/VIIRS/002/VNP46A2/2026_06_07
2026-06-08,permissive,true,true,59.14722642181667,60.46917851765951,26.53565388053887,40.484409843203174,73.7435474395752,172,747,0.23025435073627845,nW cm^-2 sr^-1,500,NASA/VIIRS/002/VNP46A2/2026_06_08
2026-06-08,strict,true,true,60.51582510911063,61.31179258032254,26.621264763395008,46.298164699388586,73.7435474395752,162,747,0.21686746987951808,nW cm^-2 sr^-1,500,NASA/VIIRS/002/VNP46A2/2026_06_08
2026-06-09,permissive,true,true,58.67688612601322,57.484217994893704,23.407403178428446,46.544565793054,68.44018313452952,1378,3268,0.42166462668298654,nW cm^-2 sr^-1,500,NASA/VIIRS/002/VNP46A2/2026_06_09
2026-06-09,strict,true,true,58.79935878952238,57.484217994893704,23.44646054615384,47.374471585280226,68.44018313452952,1358,3268,0.41554467564259484,nW cm^-2 sr^-1,500,NASA/VIIRS/002/VNP46A2/2026_06_09
2026-06-10,permissive,true,true,49.92780985447622,49.60799452891122,19.654279999903927,41.6450284693963,59.361129527016885,1277,3067,0.4163677861102054,nW cm^-2 sr^-1,500,NASA/VIIRS/002/VNP46A2/2026_06_10
2026-06-10,strict,true,true,49.990763971802124,49.60799452891122,19.59790630952207,41.6450284693963,59.361129527016885,1270,3067,0.41408542549722854,nW cm^-2 sr^-1,500,NASA/VIIRS/002/VNP46A2/2026_06_10
2026-06-11,permissive,true,true,56.37001839314679,54.703751849644064,25.63625415628575,42.95005416870117,63.43415451049805,73,161,0.453416149068323,nW cm^-2 sr^-1,500,NASA/VIIRS/002/VNP46A2/2026_06_11
2026-06-11,strict,true,true,39.86425902446111,42.944679260253906,7.595352488890008,42.944679260253906,42.95542907714844,4,161,0.024844720496894408,nW cm^-2 sr^-1,500,NASA/VIIRS/002/VNP46A2/2026_06_11
2026-06-12,permissive,true,true,52.287329082795736,52.51703673498272,20.33546316700519,43.52024864591433,60.46383507361357,1384,2642,0.5238455715367146,nW cm^-2 sr^-1,500,NASA/VIIRS/002/VNP46A2/2026_06_12
2026-06-12,strict,true,true,52.287329082795736,52.51703673498272,20.33546316700519,43.52024864591433,60.46383507361357,1384,2642,0.5238455715367146,nW cm^-2 sr^-1,500,NASA/VIIRS/002/VNP46A2/2026_06_12
2026-06-13,permissive,true,true,66.28594083262016,67.45460825715668,26.379709228124476,54.566133650191695,78.5750894165039,1383,3324,0.41606498194945846,nW cm^-2 sr^-1,500,NASA/VIIRS/002/VNP46A2/2026_06_13
2026-06-13,strict,true,true,66.32418821762937,67.45460825715668,26.361637087364244,55.56191325729717,78.5750894165039,1382,3324,0.4157641395908544,nW cm^-2 sr^-1,500,NASA/VIIRS/002/VNP46A2/2026_06_13
2026-06-14,permissive,true,true,75.56173894940551,73.46293536999609,32.45605562824605,58.48633779487497,89.40865248498703,3324,3324,1.0,nW cm^-2 sr^-1,500,NASA/VIIRS/002/VNP46A2/2026_06_14
2026-06-14,strict,true,true,75.56173894940551,73.46293536999609,32.45605562824605,58.48633779487497,89.40865248498703,3324,3324,1.0,nW cm^-2 sr^-1,500,NASA/VIIRS/002/VNP46A2/2026_06_14
2026-06-15,permissive,true,true,58.906442904740516,58.99877430038478,26.036203087888055,45.063110163002854,71.06112278310442,3324,3324,1.0,nW cm^-2 sr^-1,500,NASA/VIIRS/002/VNP46A2/2026_06_15
2026-06-15,strict,true,true,58.906442904740516,58.99877430038478,26.036203087888055,45.063110163002854,71.06112278310442,3324,3324,1.0,nW cm^-2 sr^-1,500,NASA/VIIRS/002/VNP46A2/2026_06_15
2026-06-16,permissive,true,true,52.945848456180265,52.480767975665806,22.527639743888383,42.475795669760636,63.557335776630566,3324,3324,1.0,nW cm^-2 sr^-1,500,NASA/VIIRS/002/VNP46A2/2026_06_16
2026-06-16,strict,true,true,52.959013203418586,52.480767975665806,22.520694463976145,42.475795669760636,63.557335776630566,3323,3324,0.9996991576413959,nW cm^-2 sr^-1,500,NASA/VIIRS/002/VNP46A2/2026_06_16
2026-06-17,permissive,true,true,51.676519194300624,51.578385863234665,20.533166629068468,43.48932193753307,59.54959960552845,1395,3275,0.4259541984732824,nW cm^-2 sr^-1,500,NASA/VIIRS/002/VNP46A2/2026_06_17
2026-06-17,strict,true,true,51.716341766709206,51.578385863234665,20.50426491870481,43.48932193753307,59.54959960552845,1392,3275,0.4250381679389313,nW cm^-2 sr^-1,500,NASA/VIIRS/002/VNP46A2/2026_06_17
2026-06-18,permissive,true,true,63.36732500702756,63.62255024492227,25.514677778034702,51.53693052011459,73.49944814046223,566,1385,0.4086642599277978,nW cm^-2 sr^-1,500,NASA/VIIRS/002/VNP46A2/2026_06_18
2026-06-18,strict,true,true,63.36732500702756,63.62255024492227,25.514677778034702,51.53693052011459,73.49944814046223,566,1385,0.4086642599277978,nW cm^-2 sr^-1,500,NASA/VIIRS/002/VNP46A2/2026_06_18
2026-06-19,permissive,true,true,75.11881770734053,75.59363962809245,27.641979491915322,60.55399779654778,89.60589415630606,1395,3324,0.4196750902527076,nW cm^-2 sr^-1,500,NASA/VIIRS/002/VNP46A2/2026_06_19
2026-06-19,strict,true,true,75.11881770734053,75.59363962809245,27.641979491915322,60.55399779654778,89.60589415630606,1395,3324,0.4196750902527076,nW cm^-2 sr^-1,500,NASA/VIIRS/002/VNP46A2/2026_06_19
2026-06-20,permissive,true,true,58.6403995322294,57.49366341969356,22.47124621639435,48.478898800276184,69.40513610839844,1389,3317,0.4187518842327404,nW cm^-2 sr^-1,500,NASA/VIIRS/002/VNP46A2/2026_06_20
2026-06-20,strict,true,true,57.78396763948638,57.47189225565385,21.67029238953376,48.49885333352959,68.44644055666623,1304,3317,0.3931263189629183,nW cm^-2 sr^-1,500,NASA/VIIRS/002/VNP46A2/2026_06_20
2026-06-21,permissive,true,true,51.05147411644098,50.52169604395892,20.65082975751441,40.58940990746665,59.65310599799575,1340,2697,0.4968483500185391,nW cm^-2 sr^-1,500,NASA/VIIRS/002/VNP46A2/2026_06_21
2026-06-21,strict,true,true,51.093224179257525,50.52169604395892,20.629567680050787,40.58940990746665,59.65310599799575,1338,2697,0.4961067853170189,nW cm^-2 sr^-1,500,NASA/VIIRS/002/VNP46A2/2026_06_21
2026-06-22,permissive,true,true,51.48706527373253,51.4645931637256,21.539496294425515,40.519312529868266,60.4339435794645,896,1379,0.649746192893401,nW cm^-2 sr^-1,500,NASA/VIIRS/002/VNP46A2/2026_06_22
2026-06-22,strict,true,true,50.87876728624252,51.4645931637256,20.963820690490312,39.53233540131631,60.4339435794645,868,1379,0.6294416243654822,nW cm^-2 sr^-1,500,NASA/VIIRS/002/VNP46A2/2026_06_22
2026-06-23,permissive,true,true,61.022716106469176,62.44008271263104,21.31331155608713,51.45260138673731,72.53650679852649,1182,2346,0.5038363171355499,nW cm^-2 sr^-1,500,NASA/VIIRS/002/VNP46A2/2026_06_23
2026-06-23,strict,true,true,59.39627952021103,61.478688169094994,20.600347241465744,50.36065024651851,71.71177461412218,1055,2346,0.4497016197783461,nW cm^-2 sr^-1,500,NASA/VIIRS/002/VNP46A2/2026_06_23
2026-06-24,permissive,true,true,78.47311911202692,78.65309409497951,29.232738304602034,61.533669599552745,92.63639386494954,965,3324,0.29031287605294825,nW cm^-2 sr^-1,500,NASA/VIIRS/002/VNP46A2/2026_06_24
2026-06-24,strict,true,true,78.47311911202692,78.65309409497951,29.232738304602034,61.533669599552745,92.63639386494954,965,3324,0.29031287605294825,nW cm^-2 sr^-1,500,NASA/VIIRS/002/VNP46A2/2026_06_24
2026-06-25,permissive,true,true,68.37364302376727,68.95415429812418,26.456904486191554,56.99462134097085,78.78604557772316,1362,3324,0.40974729241877256,nW cm^-2 sr^-1,500,NASA/VIIRS/002/VNP46A2/2026_06_25
2026-06-25,strict,true,true,68.37364302376727,68.95415429812418,26.456904486191554,56.99462134097085,78.78604557772316,1362,3324,0.40974729241877256,nW cm^-2 sr^-1,500,NASA/VIIRS/002/VNP46A2/2026_06_25
2026-06-26,permissive,true,true,51.53373413025102,50.504441687753676,21.869409872505063,42.535156154029856,57.421855085355396,1084,2643,0.4101399924328415,nW cm^-2 sr^-1,500,NASA/VIIRS/002/VNP46A2/2026_06_26
2026-06-26,strict,true,true,57.034967014713864,53.56959053061751,24.190871486591366,45.736228673277324,62.57131222389378,592,2643,0.22398789254634885,nW cm^-2 sr^-1,500,NASA/VIIRS/002/VNP46A2/2026_06_26
2026-06-27,permissive,true,true,52.33295107089045,51.49933963351779,21.700038751437667,41.54946540098802,62.5692022572393,1337,2949,0.453374025093252,nW cm^-2 sr^-1,500,NASA/VIIRS/002/VNP46A2/2026_06_27
2026-06-27,strict,true,true,52.61044030050875,51.49933963351779,21.48446461242083,41.54946540098802,62.5692022572393,1323,2949,0.4486266531027467,nW cm^-2 sr^-1,500,NASA/VIIRS/002/VNP46A2/2026_06_27
2026-06-28,permissive,true,true,51.10018545149055,51.56153241099558,19.702504518656717,42.51544602304997,59.422331136725816,1385,3324,0.4166666666666667,nW cm^-2 sr^-1,500,NASA/VIIRS/002/VNP46A2/2026_06_28
2026-06-28,strict,true,true,51.47751325629752,51.56153241099558,19.299934424639158,43.470808361307995,59.422331136725816,1365,3324,0.41064981949458484,nW cm^-2 sr^-1,500,NASA/VIIRS/002/VNP46A2/2026_06_28
2026-06-29,permissive,true,true,61.39745844235717,58.42130824440824,25.188603283476,48.580437461196034,70.45998886691447,176,412,0.42718446601941745,nW cm^-2 sr^-1,500,NASA/VIIRS/002/VNP46A2/2026_06_29
2026-06-29,strict,true,true,61.6402061751682,58.42130824440824,25.246445998447758,49.322796864332524,70.45998886691447,174,412,0.4223300970873786,nW cm^-2 sr^-1,500,NASA/VIIRS/002/VNP46A2/2026_06_29
2026-06-30,permissive,true,true,69.70469212779807,66.9720834119289,29.081230425047924,55.027196656017814,81.01848768960235,3324,3324,1.0,nW cm^-2 sr^-1,500,NASA/VIIRS/002/VNP46A2/2026_06_30
2026-06-30,strict,true,true,69.79439946436344,66.9720834119289,29.089171525227794,55.02797283888238,81.01848768960235,3301,3324,0.9930806257521059,nW cm^-2 sr^-1,500,NASA/VIIRS/002/VNP46A2/2026_06_30
2026-07-01,permissive,true,true,56.951321856405976,54.957744687417446,25.89340953549933,44.921324458552746,65.02372606778489,3170,3170,1.0,nW cm^-2 sr^-1,500,NASA/VIIRS/002/VNP46A2/2026_07_01
2026-07-01,strict,true,true,57.006063837563566,54.957744687417446,25.867835356223615,44.921324458552746,65.02372606778489,3158,3170,0.9962145110410094,nW cm^-2 sr^-1,500,NASA/VIIRS/002/VNP46A2/2026_07_01
2026-07-02,permissive,true,true,53.92992625513201,53.03872280536244,22.66445353135533,42.879794948207845,62.980641510814465,3321,3324,0.9990974729241877,nW cm^-2 sr^-1,500,NASA/VIIRS/002/VNP46A2/2026_07_02
2026-07-02,strict,true,true,54.0118116409089,53.03872280536244,22.53564241483724,42.879794948207845,62.980641510814465,3303,3324,0.9936823104693141,nW cm^-2 sr^-1,500,NASA/VIIRS/002/VNP46A2/2026_07_02
2026-07-03,permissive,true,true,53.87049402225691,53.022827947884984,21.358993557620636,42.96688237216031,62.80297914209404,3102,3106,0.9987121699935608,nW cm^-2 sr^-1,500,NASA/VIIRS/002/VNP46A2/2026_07_03
2026-07-03,strict,true,true,53.91652945110919,53.022827947884984,21.289763437017253,42.96688237216031,62.8055314910253,3091,3106,0.9951706374758532,nW cm^-2 sr^-1,500,NASA/VIIRS/002/VNP46A2/2026_07_03
2026-07-04,permissive,true,true,66.01037680521777,61.03827453715914,28.08988187616811,52.92596589979565,73.04661549516692,608,3112,0.1953727506426735,nW cm^-2 sr^-1,500,NASA/VIIRS/002/VNP46A2/2026_07_04
2026-07-04,strict,true,true,66.11389560489948,61.03827453715914,28.108790528712536,52.92596589979565,73.04661549516692,604,3112,0.19408740359897173,nW cm^-2 sr^-1,500,NASA/VIIRS/002/VNP46A2/2026_07_04
2026-07-05,permissive,true,true,80.94076477822016,76.92651134070164,34.391202038234056,61.04179663459134,95.0970831613189,3324,3324,1.0,nW cm^-2 sr^-1,500,NASA/VIIRS/002/VNP46A2/2026_07_05
2026-07-05,strict,true,true,81.22965450833433,76.92651134070164,34.33733202351192,63.09702170509172,95.0970831613189,3285,3324,0.9882671480144405,nW cm^-2 sr^-1,500,NASA/VIIRS/002/VNP46A2/2026_07_05
2026-07-06,permissive,true,true,59.299997228793785,56.406663067722484,24.200207863032045,46.51285364263673,69.5354829268022,2080,2084,0.9980806142034548,nW cm^-2 sr^-1,500,NASA/VIIRS/002/VNP46A2/2026_07_06
2026-07-06,strict,true,true,59.31744854849213,56.406663067722484,24.204013225295927,46.51531809278952,69.5354829268022,2072,2084,0.9942418426103646,nW cm^-2 sr^-1,500,NASA/VIIRS/002/VNP46A2/2026_07_06
2026-07-07,permissive,true,true,51.865439810009846,50.52526638399016,21.237985665679215,41.59315532715345,60.490580327821476,3324,3324,1.0,nW cm^-2 sr^-1,500,NASA/VIIRS/002/VNP46A2/2026_07_07
2026-07-07,strict,true,true,51.99768322543953,50.52526638399016,21.13234973063297,41.59315532715345,60.490580327821476,3305,3324,0.9942839951865222,nW cm^-2 sr^-1,500,NASA/VIIRS/002/VNP46A2/2026_07_07
2026-07-08,permissive,true,true,52.25113328333935,50.51724206811701,22.367172114171176,41.59132584846954,60.488359758143766,3322,3322,1.0,nW cm^-2 sr^-1,500,NASA/VIIRS/002/VNP46A2/2026_07_08
2026-07-08,strict,true,true,52.390193742518996,50.51724206811701,22.28283977135942,41.59132584846954,60.488359758143766,3304,3322,0.9945815773630343,nW cm^-2 sr^-1,500,NASA/VIIRS/002/VNP46A2/2026_07_08
2026-07-09,permissive,true,true,61.639430252997,61.01712043574187,25.1020244370256,49.04996019753212,72.9717941370485,3315,3319,0.9987948177161796,nW cm^-2 sr^-1,500,NASA/VIIRS/002/VNP46A2/2026_07_09
2026-07-09,strict,true,true,61.702034038877294,61.01712043574187,25.07356635247553,49.041427715629816,72.9717941370485,3304,3319,0.9954805664356734,nW cm^-2 sr^-1,500,NASA/VIIRS/002/VNP46A2/2026_07_09
2026-07-10,permissive,true,false,,,,,,0,0,,nW cm^-2 sr^-1,500,NASA/VIIRS/002/VNP46A2/2026_07_10
2026-07-10,strict,true,false,,,,,,0,0,,nW cm^-2 sr^-1,500,NASA/VIIRS/002/VNP46A2/2026_07_10
2026-07-11,permissive,false,false,,,,,,,,,nW cm^-2 sr^-1,500,
2026-07-11,strict,false,false,,,,,,,,,nW cm^-2 sr^-1,500,
2026-07-12,permissive,false,false,,,,,,,,,nW cm^-2 sr^-1,500,
2026-07-12,strict,false,false,,,,,,,,,nW cm^-2 sr^-1,500,
2026-07-13,permissive,false,false,,,,,,,,,nW cm^-2 sr^-1,500,
2026-07-13,strict,false,false,,,,,,,,,nW cm^-2 sr^-1,500,
2026-07-14,permissive,false,false,,,,,,,,,nW cm^-2 sr^-1,500,
2026-07-14,strict,false,false,,,,,,,,,nW cm^-2 sr^-1,500,
2026-07-15,permissive,false,false,,,,,,,,,nW cm^-2 sr^-1,500,
2026-07-15,strict,false,false,,,,,,,,,nW cm^-2 sr^-1,500,
2026-07-16,permissive,false,false,,,,,,,,,nW cm^-2 sr^-1,500,
2026-07-16,strict,false,false,,,,,,,,,nW cm^-2 sr^-1,500,
2026-07-17,permissive,true,true,56.933210261819355,55.55279051346637,22.468234013490157,45.55326053447437,65.46429169863337,3230,3235,0.9984544049459042,nW cm^-2 sr^-1,500,NASA/VIIRS/002/VNP46A2/2026_07_17
2026-07-17,strict,true,true,56.00560722247775,55.543895333396165,20.666192262827497,45.54406858212094,65.46274828167486,2973,3235,0.9190108191653786,nW cm^-2 sr^-1,500,NASA/VIIRS/002/VNP46A2/2026_07_17
2026-07-18,permissive,true,true,47.83296758922705,47.47544612348862,19.252545948051967,36.52558488758444,58.576541328430174,1630,1630,1.0,nW cm^-2 sr^-1,500,NASA/VIIRS/002/VNP46A2/2026_07_18
2026-07-18,strict,true,true,47.727047326572404,46.529701457304114,21.054086261159846,32.3175629321613,62.62966809953962,1000,1630,0.6134969325153374,nW cm^-2 sr^-1,500,NASA/VIIRS/002/VNP46A2/2026_07_18
2026-07-19,permissive,true,true,52.430803710490366,51.46889953635104,19.190210251648896,42.49877876297385,60.45407583547193,2480,2480,1.0,nW cm^-2 sr^-1,500,NASA/VIIRS/002/VNP46A2/2026_07_19
2026-07-19,strict,true,true,51.754951985449054,51.467066480461966,18.214656621695973,42.49308644669192,60.45318442896793,2309,2480,0.9310483870967742,nW cm^-2 sr^-1,500,NASA/VIIRS/002/VNP46A2/2026_07_19
2026-07-20,permissive,true,true,74.92855296986265,69.10544033793576,29.111738573378933,56.85359602489053,85.01659616221666,2243,2243,1.0,nW cm^-2 sr^-1,500,NASA/VIIRS/002/VNP46A2/2026_07_20
2026-07-20,strict,true,true,82.04160666463963,72.42712783813477,35.46148252164991,58.37955592494035,97.36259078979492,783,2243,0.34908604547481054,nW cm^-2 sr^-1,500,NASA/VIIRS/002/VNP46A2/2026_07_20
2026-07-21,permissive,true,true,68.21686676571449,64.50489895725143,28.076996872590758,51.52142946044011,81.39606240832751,1391,1391,1.0,nW cm^-2 sr^-1,500,NASA/VIIRS/002/VNP46A2/2026_07_21
2026-07-21,strict,true,true,68.21686676571449,64.50489895725143,28.076996872590758,51.52142946044011,81.39606240832751,1391,1391,1.0,nW cm^-2 sr^-1,500,NASA/VIIRS/002/VNP46A2/2026_07_21
2026-07-22,permissive,true,false,,,,,,0,0,,nW cm^-2 sr^-1,500,NASA/VIIRS/002/VNP46A2/2026_07_22
2026-07-22,strict,true,false,,,,,,0,0,,nW cm^-2 sr^-1,500,NASA/VIIRS/002/VNP46A2/2026_07_22
2026-07-23,permissive,true,true,47.94558327933929,46.78095586793415,14.367764191015317,39.864912033081055,54.78925323486328,246,246,1.0,nW cm^-2 sr^-1,500,NASA/VIIRS/002/VNP46A2/2026_07_23
2026-07-23,strict,true,false,,,,,,0,246,,nW cm^-2 sr^-1,500,NASA/VIIRS/002/VNP46A2/2026_07_23
2026-07-24,permissive,true,true,53.16407596711657,51.55396659052181,21.543895693029604,41.54966112423281,62.58401733684155,3305,3316,0.9966827503015682,nW cm^-2 sr^-1,500,NASA/VIIRS/002/VNP46A2/2026_07_24
2026-07-24,strict,true,true,53.2926501784837,51.54923163458,21.641177111764744,41.539793934935844,62.58401733684155,3260,3316,0.9831121833534379,nW cm^-2 sr^-1,500,NASA/VIIRS/002/VNP46A2/2026_07_24
2026-07-25,permissive,true,true,55.72085709948032,56.55445938011762,21.955454735045677,45.538760499053105,64.53864881727431,1265,1265,1.0,nW cm^-2 sr^-1,500,NASA/VIIRS/002/VNP46A2/2026_07_25
2026-07-25,strict,true,true,25.18355676914618,23.431713104248047,8.270290527652156,23.399198532104492,23.431713104248047,6,1265,0.0047430830039525695,nW cm^-2 sr^-1,500,NASA/VIIRS/002/VNP46A2/2026_07_25
2026-07-26,permissive,true,true,72.10641073257888,71.00059701425387,27.272998925585206,56.88876122976713,85.01327627944885,3324,3324,1.0,nW cm^-2 sr^-1,500,NASA/VIIRS/002/VNP46A2/2026_07_26
2026-07-26,strict,true,true,72.1924943845941,71.00059701425387,27.261330694597653,56.88843577918073,85.01327627944885,3306,3324,0.9945848375451264,nW cm^-2 sr^-1,500,NASA/VIIRS/002/VNP46A2/2026_07_26
2026-07-27,permissive,true,true,61.602017630785184,59.478574398905025,23.523599829060085,48.476479230461166,72.41518170441189,3324,3324,1.0,nW cm^-2 sr^-1,500,NASA/VIIRS/002/VNP46A2/2026_07_27
2026-07-27,strict,true,true,61.64645894332552,59.478574398905025,23.507500067735215,48.476479230461166,72.41518170441189,3312,3324,0.9963898916967509,nW cm^-2 sr^-1,500,NASA/VIIRS/002/VNP46A2/2026_07_27
2026-07-28,permissive,true,true,52.39029336326335,51.54462362788329,21.024346850038427,41.51167940545134,62.484730475289474,3324,3324,1.0,nW cm^-2 sr^-1,500,NASA/VIIRS/002/VNP46A2/2026_07_28
2026-07-28,strict,true,true,52.60941905049157,51.54462362788329,20.813095333563613,41.511352000161175,62.484730475289474,3297,3324,0.9918772563176895,nW cm^-2 sr^-1,500,NASA/VIIRS/002/VNP46A2/2026_07_28
2026-07-29,permissive,true,true,54.0839650767849,51.50466347084265,24.64780491174673,40.52207334349596,64.5408351571944,3324,3324,1.0,nW cm^-2 sr^-1,500,NASA/VIIRS/002/VNP46A2/2026_07_29
2026-07-29,strict,true,true,54.4934895957073,51.50466347084265,24.2820169002816,40.52207334349596,65.47054339999694,3272,3324,0.9843561973525873,nW cm^-2 sr^-1,500,NASA/VIIRS/002/VNP46A2/2026_07_29
2026-07-30,permissive,true,true,55.97797618790935,55.435659950321686,20.81109440922532,45.45741318335959,67.58046109316273,2455,2455,1.0,nW cm^-2 sr^-1,500,NASA/VIIRS/002/VNP46A2/2026_07_30
2026-07-30,strict,true,true,56.06145945176635,55.435659950321686,20.71911815803849,45.45741318335959,67.58046109316273,2446,2455,0.9963340122199593,nW cm^-2 sr^-1,500,NASA/VIIRS/002/VNP46A2/2026_07_30
2026-07-31,permissive,true,true,75.69201733973848,72.45565986633301,33.377904039959894,55.846012115478516,90.580624766164,279,279,1.0,nW cm^-2 sr^-1,500,NASA/VIIRS/002/VNP46A2/2026_07_31
2026-07-31,strict,true,true,76.06072201069725,72.45565986633301,33.43524779587404,56.55512346593711,90.580624766164,276,279,0.989247311827957,nW cm^-2 sr^-1,500,NASA/VIIRS/002/VNP46A2/2026_07_31
2026-08-01,permissive,true,true,60.08311547865519,59.23731994628906,17.095866284249386,51.82249641418457,65.1086276554326,104,104,1.0,nW cm^-2 sr^-1,500,NASA/VIIRS/002/VNP46A2/2026_08_01
2026-08-01,strict,true,true,60.085139550304525,59.23731994628906,17.178341058454205,51.82249641418457,65.1086276554326,103,104,0.9903846153846154,nW cm^-2 sr^-1,500,NASA/VIIRS/002/VNP46A2/2026_08_01
2026-08-02,permissive,true,true,54.15856680524337,53.45798497188122,20.111195468323686,43.473245917163766,62.53389040124594,3243,3243,1.0,nW cm^-2 sr^-1,500,NASA/VIIRS/002/VNP46A2/2026_08_02
2026-08-02,strict,true,true,54.20573468713338,53.45798497188122,20.07945707523075,43.473245917163766,62.53389040124594,3231,3243,0.996299722479186,nW cm^-2 sr^-1,500,NASA/VIIRS/002/VNP46A2/2026_08_02
2026-08-03,permissive,true,false,,,,,,0,0,,nW cm^-2 sr^-1,500,NASA/VIIRS/002/VNP46A2/2026_08_03
2026-08-03,strict,true,false,,,,,,0,0,,nW cm^-2 sr^-1,500,NASA/VIIRS/002/VNP46A2/2026_08_03
2026-08-04,permissive,false,false,,,,,,,,,nW cm^-2 sr^-1,500,
2026-08-04,strict,false,false,,,,,,,,,nW cm^-2 sr^-1,500,
2026-08-05,permissive,false,false,,,,,,,,,nW cm^-2 sr^-1,500,
2026-08-05,strict,false,false,,,,,,,,,nW cm^-2 sr^-1,500,
2026-08-06,permissive,true,false,,,,,,0,0,,nW cm^-2 sr^-1,500,NASA/VIIRS/002/VNP46A2/2026_08_06
2026-08-06,strict,true,false,,,,,,0,0,,nW cm^-2 sr^-1,500,NASA/VIIRS/002/VNP46A2/2026_08_06
2026-08-07,permissive,true,true,59.103478947043676,58.523343859405166,21.447722839640132,47.50564018307055,68.42852948334976,3231,3231,1.0,nW cm^-2 sr^-1,500,NASA/VIIRS/002/VNP46A2/2026_08_07
2026-08-07,strict,true,true,59.126895506620585,58.523343859405166,21.44283369877456,47.50564018307055,68.42852948334976,3226,3231,0.9984524914887032,nW cm^-2 sr^-1,500,NASA/VIIRS/002/VNP46A2/2026_08_07
2026-08-08,permissive,true,true,49.27364688268025,48.48652602454363,17.146076349601028,39.47825468262838,56.44096294461365,1494,1503,0.9940119760479041,nW cm^-2 sr^-1,500,NASA/VIIRS/002/VNP46A2/2026_08_08
2026-08-08,strict,true,true,49.305704883090435,48.48652602454363,17.12754944225446,39.47825468262838,56.44096294461365,1491,1503,0.9920159680638723,nW cm^-2 sr^-1,500,NASA/VIIRS/002/VNP46A2/2026_08_08
2026-08-09,permissive,true,true,51.74380339852892,50.77106973859999,15.862939549931165,43.178725092961244,59.79419183731079,1689,1689,1.0,nW cm^-2 sr^-1,500,NASA/VIIRS/002/VNP46A2/2026_08_09
2026-08-09,strict,true,false,,,,,,0,1689,,nW cm^-2 sr^-1,500,NASA/VIIRS/002/VNP46A2/2026_08_09
2026-08-10,permissive,true,true,56.97915789739356,56.26983218722873,20.644005263640476,46.309404969514176,67.19763310750325,1080,1080,1.0,nW cm^-2 sr^-1,500,NASA/VIIRS/002/VNP46A2/2026_08_10
2026-08-10,strict,true,true,44.174818897066324,48.2702564049517,20.18195678697793,25.342549552236278,55.75405629475912,134,1080,0.12407407407407407,nW cm^-2 sr^-1,500,NASA/VIIRS/002/VNP46A2/2026_08_10
2026-08-11,permissive,true,true,81.90590738365263,69.3067855834961,45.56953781011973,49.487252667390514,106.35820175310887,422,422,1.0,nW cm^-2 sr^-1,500,NASA/VIIRS/002/VNP46A2/2026_08_11
2026-08-11,strict,true,true,46.718891305732605,62.840965270996094,28.239477658630825,22.992015838623047,62.86534881591797,10,422,0.023696682464454975,nW cm^-2 sr^-1,500,NASA/VIIRS/002/VNP46A2/2026_08_11
2026-08-12,permissive,true,true,59.868755595489105,58.48892624950463,21.071817766212046,48.521333000326294,68.42680470106274,2644,2644,1.0,nW cm^-2 sr^-1,500,NASA/VIIRS/002/VNP46A2/2026_08_12
2026-08-12,strict,true,true,59.868755595489105,58.48892624950463,21.071817766212046,48.521333000326294,68.42680470106274,2644,2644,1.0,nW cm^-2 sr^-1,500,NASA/VIIRS/002/VNP46A2/2026_08_12
2026-08-13,permissive,true,false,,,,,,0,0,,nW cm^-2 sr^-1,500,NASA/VIIRS/002/VNP46A2/2026_08_13
2026-08-13,strict,true,false,,,,,,0,0,,nW cm^-2 sr^-1,500,NASA/VIIRS/002/VNP46A2/2026_08_13
2026-08-14,permissive,true,false,,,,,,0,0,,nW cm^-2 sr^-1,500,NASA/VIIRS/002/VNP46A2/2026_08_14
2026-08-14,strict,true,false,,,,,,0,0,,nW cm^-2 sr^-1,500,NASA/VIIRS/002/VNP46A2/2026_08_14
2026-08-15,permissive,true,false,,,,,,0,0,,nW cm^-2 sr^-1,500,NASA/VIIRS/002/VNP46A2/2026_08_15
2026-08-15,strict,true,false,,,,,,0,0,,nW cm^-2 sr^-1,500,NASA/VIIRS/002/VNP46A2/2026_08_15
2026-08-16,permissive,true,false,,,,,,0,0,,nW cm^-2 sr^-1,500,NASA/VIIRS/002/VNP46A2/2026_08_16
2026-08-16,strict,true,false,,,,,,0,0,,nW cm^-2 sr^-1,500,NASA/VIIRS/002/VNP46A2/2026_08_16
2026-08-17,permissive,true,false,,,,,,0,0,,nW cm^-2 sr^-1,500,NASA/VIIRS/002/VNP46A2/2026_08_17
2026-08-17,strict,true,false,,,,,,0,0,,nW cm^-2 sr^-1,500,NASA/VIIRS/002/VNP46A2/2026_08_17
2026-08-18,permissive,true,false,,,,,,0,0,,nW cm^-2 sr^-1,500,NASA/VIIRS/002/VNP46A2/2026_08_18
2026-08-18,strict,true,false,,,,,,0,0,,nW cm^-2 sr^-1,500,NASA/VIIRS/002/VNP46A2/2026_08_18
2026-08-19,permissive,true,false,,,,,,0,0,,nW cm^-2 sr^-1,500,NASA/VIIRS/002/VNP46A2/2026_08_19
2026-08-19,strict,true,false,,,,,,0,0,,nW cm^-2 sr^-1,500,NASA/VIIRS/002/VNP46A2/2026_08_19
